"Help Desk Tickets (%1)","Zgłoszeń Helpdesk (%1)"
"Departments","Działy"
"Add New Department","Dodaj Nowy Dział"
"Custom Fields","Pola Niestandardowe"
"Add New Field","Dodaj Nowe Pole"
"Gateways","Bramki"
"Add New Gateway","Dodaj Nową Bramkę"
"Tickets","Zgłoszenia"
"Priorities","Priorytety"
"Statuses","Statusy"
"Quick Responses","Szybkie Odpowiedzi"
"SPAM patterns","Wzorce SPAM"
"Permissions","Uprawnienia"
"Workflow Rules","Automatyzacja Procesów"
"Satisfaction Survey Results","Wyniki Badania Zadowolenia"
"Working Hours","Godziny Pracy"
"Reports","Raporty"
"Refresh Statistics","Odśwież Statystyki"
"Settings","Ustawienia"
"Spam Filter Patterns","Wzorce Filtra Antyspamowego"
"Add New Pattern","Dodaj Nowy Szablon"
"Add New Permission","Dodaj Nowe Uprawnienia"
"Add New Priority","Dodaj Nowy Priorytet"
"Add New Rule","Dodaj Nową Regułę"
"Apply the rule only if the following conditions are met:","Zastosuj regułę jeżeli spełnione zostały następujące warunki:"
"Help Desk Tickets","Zgłoszenia Helpdesk"
"Create a ticket for this order","Utwórz zgłoszenie dla tego zamówienia"
"Satisfaction Survey","Badanie Zadowolenia"
"Schedule","Harmonogram"
"Add New Schedule","Dodaj Nowy Harmonogram"
"General Information","Ogólne Informacje"
"Working days/hours","Dni/godziny robocze"
"Spam Folder","Folder Spam"
"Add New Status","Dodaj Nowy Status"
"Add New Template","Dodaj Nowy Szablon"
"Create New Ticket","Utwórz Nowe Zgłoszenie"
"Previous Ticket","Poprzednie Zgłoszenie"
"Next Ticket","Następne Zgłoszenie"
"Convert to RMA","Konwertuj na RMA"
"Save","Zapisz"
"Save & Edit","Zapisz i edytuj"
"To Archive","Do Archiwum"
"To Spam","Do Spamu"
"Delete","Usuń"
"Are you sure you want to do this?","Czy na pewno chcesz wykonać tę czynność?"
"To Inbox","Do skrzynki odbiorczej"
"Additional Information","Dodatkowe Informacje"
"Subject","Temat"
"Store View","Widok Sklepu"
"Channel","Kanał"
"open page","otwórz stronę"
"External Link","Zewnętrzne łącze"
"Tags","Tagi"
"comma-separated list","wartości oddzielone przecinkami"
"Customer Note","Uwaga Klienta"
"This field is shared for all of this customer's tickets.","To pole jest wspólne we wszystkich zgłoszeniach klienta."
"Follow Up","Przypomnienia"
"Period","Okres"
"Period Value","Wartość okresu"
"Execute At","Wykonaj w"
"Send Reminder","Wyślij przypomnienie"
"Set Status To","Ustaw status na"
"Set Priority To","Ustaw priorytet na"
"Set Owner To","Przydziel do"
"Unassigned","Nieprzypisany"
"Loading...","Ładowanie..."
"%1, %2","%1, %2"
"Select a store","Wybierz sklep"
"Store","Sklep"
"General","Główny"
"Additional","Dodatkowy"
"Other Tickets (%1)","Pozostałe zgłoszenia (%1)"
"ID","ID"
"Customer Name","Nazwa/Imię klienta"
"Last Replier","Ostatni odpowiadający"
"Owner","Właściciel"
"Department","Dział"
"Status","Status"
"Priority","Priorytet"
"Replies","Odpowiedzi"
"Created At","Utworzono o"
"Updated At","Zaktualizowano o"
"Last Reply At","Ostatnia odpowiedź o"
"Last Activity","Ostatnia aktywność o"
"Action","Czynność"
"View","Widok"
"Change Status","Zmień status"
"Change Owner","Zmień właściciela"
"Merge","Połącz"
"Are you sure you want to proceed? This action is not reversible.","Na pewno chcesz kontynować? Ta czynność jest nieodwracalna."
"Archive","Archiwum"
"Are you sure?","Czy jesteś pewny?"
"Mark as spam","Oznacz jako spam"
"Add Ticket","Dodaj zgłoszenie"
"Help Desk","Helpdesk"
"Help Desk Settings","Ustawienia Helpdesku"
"Signature for Emails","Podpis wiadomości e-mail"
"Thank you","Dziękujemy"
"Processing Rate","Przetwarzanie oceny"
"Create Ticket","Utwórz Zgłoszenie"
"[%1] %2","[%1] %2"
"You are not allowed to add the message to the current ticket as it is locked. To contact support team you should create a new ticket.","Nie możesz dodać wiadomości do bieżącego zgłoszenia, ponieważ jest zablokowane. Aby skontaktować się z zespołem wsparcia, utwórz nowe zgłoszenie."
"--/--/--","--/--/--"
"unlocked","odblokowany"
"locked","zablokowany"
"New Department","Nowy dział"
"Department  Manager","Menadżer działu"
"Department Manager","Menadżer działu"
"Add Department","Dodaj dział"
"Department was successfully deleted","Dział został pomyślnie usunięty"
"Edit Department '%1'","Edytuj dział '%1'"
"Edit Department","Edytuj dział"
"The Department does not exist.","Dział nie istnieje"
"Department was successfully saved","Dział został pomyślnie zapisany"
"Unable to find Department to save","Dział nie może być zapisany. Nie mozna znaleźć dzialu."
"Wrong request.","Błędne żądanie"
"This ticket does not exist anymore.","Zgłoszenie już nie istnieje"
"New Field","Nowe pole"
"Field  Manager","Menadżer pola"
"Field Manager","Menadżer pola"
"Add Field","Dodaj pole"
"Field was successfully deleted","Pole zostało pomyślnie usunięte"
"Edit Field '%1'","Edytuj pole '%1'"
"Edit Field","Edytuj pole"
"The Field does not exist.","Pole nie istnieje"
"Field with the same code already exists","Pole o takim kodzie już istnieje"
"Field was successfully saved","Pole zostało pomyślnie zapisane"
"Unable to find Field to save","Pole nie może być zapisane. Nie mozna znaleźć Pola."
"Please, ask your hosting provider to enable the IMAP extension in PHP configuration of your server. Otherwise, helpdesk will not be able to fetch emails.","Poproś swojego dostawcę usług hostingowych o włączenie rozszerzenia IMAP w konfiguracji PHP serwera. W przeciwnym razie helpdesk nie będzie mógł pobierać wiadomości e-mail."
"New Gateway","Nowa bramka"
"Gateway  Manager","Menadżer bramki"
"Gateway Manager","Menadżer bramki"
"Add Gateway","Dodaj bramkę"
"done","zrobione"
"Gateway was successfully deleted","Bramka została pomyślnie usunięta"
"Edit Gateway '%1'","Edytuj bramkę '%1'"
"Edit Gateway","Edytuj bramkę"
"The Gateway does not exist.","Bramka nie isnieje"
"OAuth2 authorization failed: %1","Autoryzacja OAuth2 nie powiodła się: %1"
"Invalid OAuth2 callback parameters.","Nieprawidłowe parametry zwrotne OAuth2."
"Invalid state parameter.","Nieprawidłowy parametr state."
"CSRF token validation failed.","Walidacja tokenu CSRF nie powiodła się."
"Gateway not found.","Nie znaleziono bramki."
"Connected","Połączono"
"Connected to %1","Połączono z %1"
"No email connected","Brak podłączonego adresu e-mail"
"Successfully connected to Gmail!","Pomyślnie połączono z Gmail!"
"Failed to obtain access token.","Nie udało się uzyskać tokenu dostępu."
"OAuth2 token exchange failed: %1","Wymiana tokenu OAuth2 nie powiodła się: %1"
"Gateway ID is required.","Wymagane jest ID bramki."
"Please configure OAuth2 Client ID and Secret first.","Najpierw skonfiguruj OAuth2 Client ID i Secret."
"Gateway was successfully saved. Please click ""Connect to Gmail"" to authorize.","Bramka została pomyślnie zapisana. Kliknij „Połącz z Gmail”, aby autoryzować."
"Gateway was successfully saved. Connection has been established.","Bramka została pomyślnie zapisana. Połączenie zostało nawiązane"
"Unable to find Gateway to save","Bramka nie może być zapisana. Nie mozna znaleźć Bramki."
"A total of %1 record(s) have been updated.","Łącznie %1 wpisów zostało zaktualizowanych"
"A total of %1 record(s) have been deleted.","Łącznie %1 wpisów zostało usuniętych"
"New Pattern","Nowy wzorzec"
"Pattern  Manager","Menadżer wzorców"
"Pattern Manager","Menadżer wzorców"
"Add Pattern","Dodaj wzorzec"
"Pattern was successfully deleted","Wzorzec został pomyślnie usunięty"
"Edit Pattern '%1'","Edytuj wzorzec '%1'"
"Edit Pattern","Edytuj wzorzec"
"The Pattern does not exist.","Wzorzec nie istnieje"
"Pattern was successfully saved","Wzorzec został pomyślnie zapisany"
"You have written an incorrect pattern","Został wprowadzony nieprawidłowy wzorzec"
"Unable to find Pattern to save","Wzorzec nie może być zapisany. Nie mozna znaleźć wzorca."
"New Permission","Nowe uprawnienie"
"Permission  Manager","Menadżer uprawnień"
"Permission Manager","Menadżer uprawnień"
"Add Permission","Dodaj uprawnienie"
"Permission was successfully deleted","Uprawnienie zostało pomyślnie usunięte"
"Edit Permission","Edytuj uprawnienie"
"Permission does not exist.","Uprawnienie nie isnieje"
"Permission was successfully saved","Uprawnienie zostało pomyślnie zapisane"
"Unable to find Permission to save","Uprawnienie nie może być zapisane. Nie mozna znaleźć uprawnienia."
"New Priority","Nowy priorytet"
"Priority  Manager","Menadżer priorytetów"
"Priority Manager","Menadżer priorytetów"
"Add Priority","Dodaj priorytet"
"Priority was successfully deleted","Priorytet został pomyślnie usunięty"
"Edit Priority '%1'","Edytuj priorytet  '%1'"
"Edit Priority","Edytuj priorytet"
"The Priority does not exist.","Priorytet nie istnieje"
"Priority was successfully saved","Priorytet został pomyślnie zapisany"
"Unable to find Priority to save","Priorytet nie może być zapisany. Nie mozna znaleźć priorytetu."
"Statistics was successfully updated","Statystyki zostały pomyślnie zaktualizowane"
"Helpdesk","Helpdesk"
"New Rule","Nowa reguła"
"Rule  Manager","Menadżer reguł"
"Rule Manager","Menadżer reguł"
"Add Rule","Dodaj regułę"
"Rule was successfully deleted","Reguła została pomyślnie usunięta"
"Edit Rule '%1'","Edytuj regułę '%1'"
"Edit Rule","Edytuj regułę"
"The Rule does not exist.","Reguła nie istnieje"
"Rule was successfully saved","Reguła została pomyślnie zapisana"
"Unable to find Rule to save","Reguła nie może być zapisana. Nie mozna znaleźć reguły."
"New Satisfaction","Nowa ocena"
"Satisfaction  Manager","Menadżer ocen"
"Satisfaction Manager","Menadżer ocen"
"Add Satisfaction","Dodaj ocenę"
"Satisfaction was successfully deleted","Ocena została pomyśłnie usunięta"
"Edit Satisfaction '%1'","Edytuj ocenę '%1'"
"Edit Satisfaction","Edytuj ocenę"
"The Satisfaction does not exist.","Ocena nie istnieje"
"Satisfaction was successfully saved","Ocena została pomyśłnie zapisana"
"Unable to find Satisfaction to save","Ocena nie może być zapisana. Nie mozna znaleźć oceny."
"New Schedule","Nowy harmonogram"
"Schedule Manager","Menadżer harmonogramu"
"Add Schedule","Dodaj harmonogram"
"You can not delete this schedule, because there are gateways using it.
                         Please, change gateways settings","Nie możesz usunąć tego harmonogramu ponieważ używają go bramki. Proszę zmienić ustawienia bramek."
"Schedule was successfully deleted","Harmonogram został pomyślnie usunięty"
"Edit Schedule '%1'","Edytuj harmonogram '%1'"
"Edit Schedule","Edytuj harmonogram"
"The Schedule does not exist.","Harmonogram nie istnieje."
"Schedules","Harmonogramy"
"Working days/hours is a required field.","Dni/godziny robocze to pole wymagane"
"Schedule was successfully saved","Harmonogram został pomyślnie zapisany"
"Unable to find a Schedule to save","Harmonogram nie może być zapisany. Nie mozna znaleźć harmonogramu."
"Ticket was successfully moved to the Tickets folder","Zgłoszenie zostało pomyślnie przeniesione do folderu Zgłoszenia"
"Edit Spam '%1'","Edytuj spam '%1'"
"Edit Spam","Edytuj spam"
"The spam does not exist.","Spam nie istnieje"
"Please select spam(s)","Proszę wybrać spam(y)"
"Total of %1 record(s) were successfully moved to the Tickets folder","Łącznie %1 zgłoszeń zostało przeniesionych do folderu Zgłoszenia"
"Total of %1 record(s) were successfully deleted","Łącznie %1 zgłoszeń zostało usunięte"
"New Status","Nowy status"
"Status  Manager","Menadżer Statusu"
"Status Manager","Menadżer Statusu"
"Add Status","Dodaj status"
"Status was successfully deleted","Status został pomyślnie usunięty"
"Edit Status '%1'","Edytuj status '%1'"
"Edit Status","Edytuj status"
"The Status does not exist.","Status nie istnieje"
"Status was successfully saved","Status został pomyślnie zapisany"
"Unable to find a Status to save","Status nie może być zapisany. Nie mozna znaleźć Statusu."
"New Template","Nowy szablon"
"Template  Manager","Menadżer szablonów"
"Template Manager","Menadżer szablonów"
"Add Template","Dodaj szablon"
"Template was successfully deleted","Szablon został pomyślnie usunięty"
"Edit Template '%1'","Edytuj szablon '%1'"
"Edit Template","Edytuj szablon"
"The Template does not exist.","Szablon nie istnieje"
"Template was successfully saved","Szablon został pomyślnie zapisany"
"Unable to find a Template to save","Szablon nie może być zapisany. Nie mozna znaleźć szablonu."
"New Ticket","Nowe zgloszenie"
"Ticket Manager","Menadżer zgłoszeń"
"Ticket was moved to Archive","Zgłoszenie zostało zarchiwizowane"
"The file does not exist or has been deleted.","Plik nie istnieje lub został usunięty"
"Ticket was successfully deleted","Zgłoszenie zostało pomyślnie usunięte"
"Edit Ticket","Edytuj zgłoszenie"
"The ticket does not exist.","Zgłoszenie nie istnieje"
"Total of %1 record(s) were moved to Archive.","Łącznie %1 wpisów zostało pomyślnie zarchiwizowanych"
"Please select ticket(s)","Proszę wybrać Zgłoszenie(-a)"
"Total of %1 record(s) were moved to the Spam folder","Łącznie %1 wpisów zostało przeniesionych do folderu Spam"
"Total of %1 record(s) were successfully updated","Łącznie %1 wpisów zostało pomyślnie zaktualizowanych"
"Total of %1 record(s) Assignee was changed.","Łącznie %1 odbiorców wpisów zostało zmienionych"
"You don't have permission for this operation.","Nie masz uprawnień do tej operacji"
"Total of %1 record(s) were moved to the Inbox folder.","Łącznie %1 wpisów zostało przeniesionych do skrzynki odbiorczej"
"Please select 2 or more tickets","Proszę wybrać 2 lub więcej zgłoszeń"
"Total of %1 record(s) were successfully merged","Łącznie %1 wpisów zostało pomyślnie połączonych"
"Total of %1 record(s) were moved to the Spam folder.","Łącznie %1 wpisów zostało przeniesionych do folderu Spam"
"Ticket was moved to the Inbox","Zgłoszenie zostało przeniesione do skrzynki odbiorczej"
"Message was successfully sent","Wiadomość została pomyślnie wysłana"
"Ticket was successfully updated","Zgłoszenie zostało pomyślnie zaktualizowane"
"Field ""Cc"" is limited by %1 emails","Pole „Cc” jest ograniczone do %1 adresów e-mail"
"Something went wrong while saving the ticket.","Coś poszło nie tak podczas zapisywania zgłoszenia"
"Unable to find ticket to save","Zgłoszenie nie może być zapisane. Nie mozna znaleźć zgłoszenia."
"Incorrect email format.","Nieprawidłowy format e-mail."
"Incorrect CC format.","Nieprawidłowy format CC."
"Incorrect BCC format.","Nieprawidłowy format BCC."
"Ticket was moved to the Spam folder","Zgłoszenie zostało przeniesione do folderu Spam"
"Your request was successfully submitted. You should receive a confirmation email shortly.","Twoja prośba została pomyślnie przesłana. Wkrótce powinieneś otrzymać e-mail z potwierdzeniem."
"Unable to submit your request. Please, try again later","Nie można przesłać Twojej prośby. Spróbuj ponownie później"
"Field ""Name"" is required","Pole ""Nazwa/Imię"" jest wymagane"
"Field ""Comment"" is required","Pole ""Komentarz"" jest wymagane"
"Something went wrong","Coś poszło nie tak"
"Telephone","Telefon"
"Your inquiry was submitted and will be responded to as soon as possible. Thank you for contacting us.","Twoje zapytanie zostało przesłane i odpowiemy na nie tak szybko, jak to możliwe. Dziękujemy za skontaktowanie się z nami."
"Sorry, for technical reasons you can't submit your query from this browser. Please try using a different browser or computer.","Przepraszamy, z powodów technicznych nie możesz przesłać zapytania z tej przeglądarki. Spróbuj użyć innej przeglądarki lub komputera."
"Page not found.","Strona nie znaleziona."
"Your message was successfully posted","Twoja wiadomość została pomyślnie wysłana"
"Your ticket was successfully posted","Twoje zgłoszenie zostało pomyślnie wysłane"
"Ticket was successfully closed","Zgłoszenie zostało pomyślnie zamknięte"
"wrong URL","nieprawidłowy URL"
"Can't upload file %1 . Max allowed upload size is %2 MB.","Nie można przesłać pliku  %1 . Maksymalny dopuszczalny rozmiar wynosi %2 MB."
"Allows only this file types: %1","Dopuszczalne są tylko następujące rozszerzenia plików: %1"
"%1:%2 (%3) is open.","%1:%2 (%3) jest otwarte."
"%1:%2 is closed.","%1:%2 jest zamknięte."
"%1 Help Desk","%1 Helpdesk"
"You have %1 unread notifications.","Masz %1 nieodczytanych powiadomień"
"Ticket ""%1"" was created.","Zgłoszenie ""%1"" zostało utworzone"
"New message was added to the ticket ""%1""","Nowa wiadomość została dodana do zgłoszenia ""%1"""
"Ticket ""%1"" was assigned to you.","Zgłoszenie ""%1"" zostało do Ciebie przypisane"
"%1 is editing now","%1 teraz edytuje"
"%1 has opened this ticket %2","%1 otworzył to zgłoszenie %2"
"%1 have opened this ticket %2","%1 otworzyli to zgłoszenie %2"
"please type your reply above this line","proszę wpisać odpowiedź powyżej tej linii"
"Can't fetch.
                Please, ask your hosting provider to enable the IMAP extension in PHP configuration of your server.","Nie można pobrać.
                Poproś swojego dostawcę usług hostingowych o włączenie rozszerzenia IMAP w konfiguracji PHP serwera."
"Yes","Tak"
"No","Nie"
"Unable to define email sender","Nie można zidentyfikować nadawcy e-mail"
"Rule '%1'","Reguła '%1'"
"Follow Up actions","Przypomnienie"
"%1: %2 => %3","%1: %2 => %3"
"%1: %2","%1: %2"
"Ticket was merged to: %1","Zgłoszenie zostało dołączone do: %1"
"Ticket was merged with: %1","Zgłoszenie zostało połączone z: %1"
"Message added","Dodano wiadomość"
"Internal note added","Dodano notatkę wewnętrzną"
"Third party message added","Dodano wiadomość od osoby trzeciej"
"Private third party message added","Dodano prywatną wiadomość od osoby trzeciej"
"Folder","Folder"
"Order","Zamówienie"
"User","Użytkownik"
"Customer","Klient"
"Customer Email","E-mail klienta"
"Cc","DW"
"Bcc","UDW"
"-- Please Select --","- Proszę wybrać -"
"Inbox","Skrzynka odbiorcza"
"Spam","spam"
"Email","E-mail"
"Backend","Backend - zaplecze techniczne"
"Contact Tab","Karta kontaktowa"
"Contact Form","Formularz kontaktowy"
"Customer Account","Konto klienta"
"Public Reply","Odpowiedz publiczna"
"Internal Note","Uwaga wewnętrzna"
"Message to Third Party","Wiadomość do strony trzeciej"
"Internal Note to Third Party","Uwaga wewnętrzna dla strony trzeciej"
"at %1 (%2) - %3","przy %1 (%2)  - %3"
"You don't have permissions to read this ticket. Please, contact your administrator.","Nie masz uprawnień, aby odczytać to zgłoszenie. Skontaktuj się z administratorem."
"Field ""Name"" is incorrect.","Pole „Nazwa/Imię” jest nieprawidłowe."
"Email field should not be empty","Pole e-mail nie może być puste"
"Submitted from the page:","Przesłane ze strony:"
"Invalid Customer Email","Nieprawidłowy adres e-mail klienta"
"Ticket was merged to %1","Zgłoszenie zostało dołączone do %1"
"Pattern","Wzór"
"Attribute Value","Wartość atrybutu"
"Default","Domyślnie"
"Integer","Liczba całkowita"
"Price","Cena"
"Strip Tags","Paski znaczników"
"Ticket Attributes","Atrybuty zgłoszenia"
"Wrong URL","Błędny URL"
"Unknown time","Nieznany czas"
"ago","temu"
"from now","od teraz"
"1 sec ago","1 sekundę temu"
"Links:","Łącza:"
"Open Ticket","Otwarte zgłoszenie"
"Open Tickets","Otwarte zgłoszenia"
"! Blocked file -","! Zablokowany plik -"
"File System","System plików"
"Database","Baza danych"
"IMAP","IMAP"
"OAuth2 (Gmail)","OAuth2 (Gmail)"
"Aqua","Cyjan"
"Grey","Szary"
"Navy","Granatowy"
"Silver","Srebrny"
"Black","Czarny"
"Green","Zielony"
"Olive","Oliwkowy"
"Teal","Morski"
"Blue","Niebieski"
"Lime","Limonkowy"
"Purple","Fioletowy"
"Fuchsia","Fuksja"
"Maroon","Bordowy"
"Red","Czerwony"
"Orange","Pomarańczowy"
"Yellow","Żólty"
"NONE","ŻADEN"
"SSL","SSL"
"Text","Tekst"
"Multi-line text","Tekst wielowierszowy"
"Date","Data"
"Checkbox","Pole wyboru"
"Drop-down list","Lista rozwijana"
"In minutes...","W minutach ..."
"In hours...","W godzinach ..."
"In days...","W dniach ..."
"In weeks...","Za tygodnie ..."
"In months...","W ciągu miesięcy ..."
"Custom","Spersonalizowany"
"Move to Archive","Przenieś do archiwum"
"Move from Archive","Przenieś z archiwum"
"All users","Wszyscy użytkownicy"
"Left","Lewo"
"Right","Prawo"
"POP","POP"
"Great!","Świetnie!"
"OK","OK"
"Bad","Słabo"
"--Please Select--","- Proszę wybrać -"
"New ticket created","Utworzono nowe zgłoszenie"
"New reply from customer","Nowa odpowiedź od klienta"
"New reply from staff","Nowa odpowiedź od obsługi"
"New reply from third party","Nowa odpowiedź od osoby trzeciej"
"Ticket assigned to staff","Zgłoszenie przydzielone obsłudze"
"Ticket was changed","Zgłoszenie zostało zmienione"
"Ticket was converted to RMA","Zgłoszenie konwertowane na RMA"
"Check every hour","Sprawdzaj co godzinę"
"Headers","Nagłówki"
"Body","Zawartość"
"Using Department Name (e.g. Sales)","Używaj nazwy działu (np. Sprzedaż)"
"Using Staff Name (e.g. John Doe)","Używaj nazwiska obsługi (np. Jan Kowalski)"
"Using Custom Template","Używaj niestandardowego szablonu"
"Last Reply","Ostatnia odpowiedź"
"View link","Wyświetl link"
"%1 attachments were deleted","%1 załączników zostało usuniętych"
"desktop notifications","powiadomienia pulpitu"
"%1 %2 were deleted","%1 %2 zostało usuniętych"
"Process is locked","Proces jest zablokowany"
"Locked","Zablokowany"
"Success","Sukces"
"Pattern is invalid","Wzorzec jest nieprawidłowy"
"""%1"" department is using as default department in next gateway(s) with id: %2.
                Please change it first.","Dział ""%1"" jest używany jako dział domyślny w następnej bramce(-ach) o identyfikatorze: %2. Zmień je najpierw."""
"""%1"" department is used as the default department in the option ""Feedback Tab > Assign to Department"".
                Please change this option first.","Dział ""%1"" jest używany jako dział domyślny w opcji ""Zakładka Opinie> Przypisz do działu"". Zmień najpierw tę opcję."
"Update the Ticket","Zaktualizuj Zgłoszenie"
"Conditions Combination","Połączenie warunków"
"Ticket Attribute","Atrybut zgłoszenia"
"Last 7-days Clicks","Kliknięcia z ostatnich 7 dni"
"Last 7-days Orders","Zamówienia z ostatnich 7 dni"
"Last 7-days Revenue","Przychody z ostatnich 7 dni"
"Last 7-days Conversation Rate (%)","Współczynnik konwersacji z ostatnich 7 dni (%)"
"Last message body","Treść ostatniej wiadomości"
"Priority (before change)","Priorytet (przed zmianą)"
"Status (before change)","Status (przed zmianą)"
"Department (before change)","Dział (przed zmianą)"
"Owner (before change)","Właściciel (przed zmianą)"
"Folder (before change)","Folder (przed zmianą)"
"Last Reply By","Ostatnia odpowiedź od"
"Last Reply Type","Typ ostatniej odpowiedzi"
"Hours since Created","Godzin od utworzenia"
"Hours since Updated","Godzin od aktualizacji"
"Hours since Last reply","Godzin od ostatniej odpowiedzi"
"Ticket Source (Channel)","Źródło zgłoszenia (kanał)"
"%1 (before change)","%1 (przed zmianą)"
"Staff","Obsługa"
"Third party","Strona trzecia"
"Closed","Zamknięte"
"Opened 24hr","Otwarte całą dobę"
"Searchable attributes not defined","Nie zdefiniowano przeszukiwalnych atrybutów"
"- Disable these emails -","- Wyłącz te e-maile -"
"Authentication failed for the Gateway(s) ""%1""
                                <br> To hide this message, re-save the above Gateway(s) and run cron,
                                or disable the above Gateway(s) <a href=""%2"">help desk gateways</a>.","Uwierzytelnianie nie powiodło się dla bramki(-ek) „%1”
                                <br> Aby ukryć ten komunikat, zapisz ponownie powyższą bramkę(-i) i uruchom cron,
                                lub wyłącz powyższą bramkę(-i) <a href=""%2"">bramki helpdesk</a>."
"The Help Desk can't fetch new emails.
                Please, try to run bin/magento mirasvit:helpdesk:run to determine the source of this problem.","Helpdesk nie może pobierać nowych e-maili.
                Spróbuj uruchomić bin/magento mirasvit:helpdesk:run, aby ustalić źródło tego problemu."
"Help desk can't fetch emails.","Helpdesk nie może pobierać wiadomości e-mail."
"<br> To temporarily hide this message, disable all <a href=""%1"">help desk gateways</a>.","<br> Tymczasowo ukryj ten komunikat, wyłączając wszystkie <a href=""%1"">bramki helpdesk</a>."
"Help Desk can't fetch new emails.
                 Please, check that you are running cron for bin/magento mirasvit:helpdesk:run.","Helpdesk nie może pobierać nowych wiadomości e-mail. Proszę sprawdzić, czy używasz crona dla bin/magento mirasvit:helpdesk:run."
"Helpdesk Tickets","Zgłoszenia Helpdesk"
"Department with id ""%1"" does not exist.","Dział o id „%1” nie istnieje."
"Field with id ""%1"" does not exist.","Pole o id „%1” nie istnieje."
"Priority with id ""%1"" does not exist.","Priorytet o id „%1” nie istnieje."
"Satisfaction with id ""%1"" does not exist.","Ocena o id „%1” nie istnieje."
"Cannot delete satisfaction with id %1","Nie można usunąć oceny o id %1"
"Status with id ""%1"" does not exist.","Status o id „%1” nie istnieje."
"Template with id ""%1"" does not exist.","Szablon o id „%1” nie istnieje."
"Cannot delete ticket with id %1","Nie można usunąć zgłoszenia o identyfikatorze %1"
"Admin authorization is required.","Wymagana jest autoryzacja administratora."
"Message body cannot be empty.","Treść wiadomości nie może być pusta."
"Invalid folder ""%1"". Allowed: 1 (Inbox), 2 (Archive), 3 (Spam)","Nieprawidłowy folder „%1”. Dozwolone: 1 (Skrzynka odbiorcza), 2 (Archiwum), 3 (Spam)"
"Invalid customer email format.","Nieprawidłowy format adresu e-mail klienta."
"Invalid %1 email format: %2","Nieprawidłowy format adresu e-mail %1: %2"
"Invalid message type ""%1"". Allowed: %2","Nieprawidłowy typ wiadomości „%1”. Dozwolone: %2"
"Area: ""%1""","Obszar: „%1”"
"Ticket ID: ""%1""","ID zgłoszenia: „%1”"
"Customer ID: ""%1""","ID klienta: „%1”"
"User ID: ""%1""","ID użytkownika: „%1”"
"Some tickets could not be parsed. Please check logs.","Niektórych zgłoszeń nie udało się przetworzyć. Sprawdź logi."
"Edit","Edytuj"
"All Departments","Wszystkie działy"
"All Roles","Wszystkie role"
"Back","Wstecz"
"Reset","Zresetuj"
"Save and Continue Edit","Zapisz i kontynuuj edycję"
"Debug","Debuguj"
"24 hrs x 7 days","24 godziny x 7 dni"
"Select working days/hours","Wybierz dni/godziny pracujące"
"All Tickets","Wszystkie zgłoszenia"
"My Tickets","Moje zgłoszenia"
"Satisfaction survey","Badanie zadowolenia"
"Satisfaction rating: %1 out of 5","Ocena zadowolenia: %1 z 5"
"View message source in new window","Wyświetl źródło wiadomości w nowym oknie"
"show source","pokaż źródło"
"to %1 (third party)","do %1 (strona trzecia)"
"%1 %2 (third party)","%1 %2 (strona trzecia)"
"%1","%1"
"Attachment image: %1","Obraz załącznika: %1"
"Document file icon","Ikona pliku dokumentu"
"Download icon","Ikona pobierania"
"Download","Pobierz"
"Max file size: %1 Mb","Maksymalny rozmiar pliku: %1 Mb"
"Close","Zamknij"
"Image preview","Podgląd obrazu"
"Previous image","Poprzedni obraz"
"Previous","Poprzedni"
"Next","Następny"
"Ticket Summary","Podsumowanie zgłoszeń"
"enter subject of ticket","wprowadź temat zgłoszenia"
"Ticket ID","Identyfikator zgłoszenia"
"Assignee","Przydzielone do"
"Additional Info","Dodatkowe informacje"
"You are not allowed to add the message to the current ticket as it is locked. To add the message to the current ticket you should change its status to one of unlocked.","Nie możesz dodać wiadomości do bieżącego zgłoszenia, ponieważ jest zablokowane. Aby dodać wiadomość do bieżącego zgłoszenia, zmień jego status na jeden z odblokowanych."
"Ticket History","Historia Zgłoszenia"
"Done by","Sporządzono przez"
"Changes","Zmiany"
"Ticket Grid Container","Kontener siatki zgłoszeń"
"View tickets notifications","Wyświetl powiadomienia o zgłoszeniach"
"Navigate to all tickets page","Przejdź do strony wszystkich zgłoszeń"
"See All Tickets","Zobacz wszystkie zgłoszenia"
"Edit ticket: %1","Edytuj zgłoszenie: %1"
"View tickets page","Wyświetl stronę zgłoszeń"
"Open contact form","Otwórz formularz kontaktowy"
"Close contact form","Zamknij formularz kontaktowy"
"Name","Nazwa/Imię"
"Attach files","Dołącz pliki"
"Submit","Zatwierdź"
"Submit Ticket","Wyślij Zgłoszenie"
"What is your question?","W czym możemy pomóc?"
"We found the following topics that might be helpful:","Znaleźliśmy następujące tematy, które mogą być pomocne:"
"None of these are helpful - contact us","Żaden z nich nie jest pomocny - skontaktuj się z nami"
"We have not found any helpful topics.","Nie znaleźliśmy żadnych pokrewnych tematów."
"Contact Information","Informacje kontaktowe"
"Comment","Komentarz"
"We are open 24 x 7","Jesteśmy otwarci przez całą dobę"
"We are closed","Jesteśmy zamknięci"
"Timezone: %1","Strefa czasowa: %1"
"Please take a second to rate my reply...","Proszę poświęć chwilę, aby ocenić moją odpowiedź"
"Great","Świetnie!"
"Awesome","Wspaniale!"
"Fast, friendly, helpful, pleasant. Great job!","Szybki, przyjazny, pomocny, przyjemny. Dobra robota!"
"Just Okay","Po prostu ok"
"Fine, but definitely could have been better.","Dobrze, ale zdecydowanie mogło być lepiej."
"Not good","Niedobrze"
"Unfortunately, I wasn't happy with it at all.","Niestety nie byłem zadowolony"
"Satisfactory level of customer service in real time","Zadowalający poziom obsługi klienta w czasie rzeczywistym"
"%1% said great!","%1% powiedział, że świetnie!"
"last updated %1","ostatnia aktualizacja %1"
"Thank you for participating in our survey!","Dziękujemy za udział w naszej ankiecie!"
"If you would like to provide additional comments, please do so below:","Jeśli chcesz przekazać dodatkowe uwagi, zrób to poniżej:"
"Message","Wiadomość"
"Submit Message","Prześlij wiadomość"
"Thank you for your feedback!","Dziękujemy za Twoją opinię!"
"If the processing doesn't start automatically in a few seconds, please click the button below","Jeśli przetwarzanie nie rozpocznie się automatycznie w ciągu kilku sekund, kliknij przycisk poniżej"
"Process Rate","Przetwarzanie oceny"
"Attachments","Załączniki"
"-- Select an Order --","- Wybierz zamówienie -"
"Create ticket","Utwórz zgłoszenie"
"Navigate to create new ticket page","Przejdź do strony tworzenia nowego zgłoszenia"
"You don't have open tickets","Nie masz otwartych zgłoszeń"
"View ticket: %1","Wyświetl zgłoszenie: %1"
"Post a Reply","Prześlij odpowiedź"
"Max file size: %1","Maksymalny rozmiar pliku: %1"
"Reopen Ticket","Otwórz ponownie zgłoszenie"
"Close Ticket","Zamknij zgłoszenie"
"History","Historia"
"%1 (third party)","%1 (firma zewnętrzna)"
"Attachment: %1","Załącznik: %1"
"Download attachment: %1","Pobierz załącznik: %1"
"Image file icon","Ikona pliku obrazu"
"Go back to my tickets list","Wróć do listy moich zgłoszeń"
"Back to My Tickets","Powrót do moich zgłoszeń"
"Next image","Następny obraz"
"Rate","Ocena"
"Ok","OK"
"To","Do"
"Customer Summary","Podsumowanie klienta"
"Assigned To Customer","Przypisany do klienta"
"Assigned To Order","Przypisany do zamówienia"
"Customer does not have any orders.","Klient nie ma żadnych zamówień."
"RMA","RMA"
"type email or name","wpisz e-mail lub nazwę"
"Click this button to authorize access to Gmail via OAuth2","Kliknij ten przycisk, aby autoryzować dostęp do Gmail przez OAuth2"
"Reconnect","Połącz ponownie"
"Connect to Gmail","Połącz z Gmail"
"Attachment","Załącznik"
"type third party email here","wpisz tutaj adres e-mail strony trzeciej"
"Kind","Typ"
"Info","Informacja"
"You can check the status of reply to this ticket online at:","Status odpowiedzi na to zgłoszenie możesz sprawdzić online pod adresem:"
"Dear %name,","Drogi %name,"
"Thank you for contacting us!","Dziękujemy za skontaktowanie się z nami!"
"This is an automated response confirming the receipt of your ticket. One of our agents will get back to you as soon as possible.","To jest automatyczna odpowiedź potwierdzająca przyjęcie Twojego zgłoszenia. Jeden z naszych pracowników skontaktuje się z Tobą tak szybko, jak to możliwe."
"Details","Szczegóły"
"Please, answer the following ticket:","Proszę odpowiedzieć na poniższe zgłoszenie:"
"Ticket ID:","Identyfikator zgłoszenia:"
"Name:","Nazwa/Imię:"
"Email address:","Adres e-mail:"
"Store:","Sklep:"
"Department:","Dział:"
"Staff (Owner): -- Unassigned --","Obsługa (właściciel): - nieprzypisany -"
"Status:","Status:"
"Priority:","Priorytet:"
"Created:","Utworzony:"
"Staff (Owner):","Obsługa (właściciel):"
"Updated:","Zaktualizowano:"
"== INTERNAL NOTE ==","== UWAGA WEWNĘTRZNA =="
"Dear <strong>%user_firstname %user_lastname</strong>, <br><br>
    %ticket_customer_name rated your help with smile","„Drogi <strong>%user_firstname%user_lastname</strong>,<br> <br>%ticket_customer_name ocenił Twoją pomoc pozytywnie"
"Customer email:","Email klienta:"
"Comment:","Komentarz:"
"This browser does not support desktop notification","Ta przeglądarka nie obsługuje powiadomień pulpitu"
"Please save the gateway first before connecting to Gmail.","Najpierw zapisz bramkę przed połączeniem z Gmail."
"Please enter Client ID and Client Secret before connecting.","Wprowadź Client ID i Client Secret przed połączeniem."
"Your message will be emailed to the customer","Twoja wiadomość zostanie wysłana do klienta"
"Your message will be emailed to your colleague. The customer will not see it.","Twoja wiadomość zostanie wysłana e-mailem do współpracownika. Klient jej nie zobaczy."
"Your message will be emailed to the third party. Customer will see it in the ticket history.","Twoja wiadomość zostanie wysłana za pośrednictwem e-maila do strony trzeciej. Klient zobaczy to w historii zgłoszenia."
"Internal Message to Third Party","Wiadomość wewnętrzna do strony trzeciej"
"Your message will be emailed to the third party. The customer will not see it.","Twoja wiadomość zostanie wysłana e-mailem do strony trzeciej. Klient tego nie zobaczy."
"Session has expired. Please copy all unsaved data and reload the page.","Sesja wygasła. Skopiuj wszystkie niezapisane dane i odśwież stronę."
"Upload Too Large","Przesyłany plik jest zbyt duży"
"Open","Otwarty"
"Help Desk MX","Helpdesk MX"
"General Settings","Ustawienia ogólne"
"Enhance the overall performance and user experience of your helpdesk by setting up core features such as how communication is managed, personalizing customer interactions, and ensuring smooth ticket management with automated tasks.","Zwiększ ogólną wydajność i komfort korzystania z helpdesku, konfigurując kluczowe funkcje, takie jak zarządzanie komunikacją, personalizacja interakcji z klientami oraz zapewnienie sprawnej obsługi zgłoszeń dzięki zautomatyzowanym zadaniom."
"Helpdesk title in the customer account","Nazwa Helpdesk na koncie klienta"
"Customize the title displayed for the Helpdesk section in the customer's account to create a clear and branded support experience.","Dostosuj tytuł sekcji Helpdesk wyświetlany na koncie klienta, aby zapewnić przejrzyste i markowe doświadczenie wsparcia."
"Sign staff replies","Podpisuj odpowiedzi"
"Adds a personal touch to customer communication, which helps personalize responses and provide clarity on who handled the support request increasing trust and transparency.","Dodaje osobisty akcent do komunikacji z klientem, co pomaga personalizować odpowiedzi i jasno wskazuje, kto obsłużył zgłoszenie, zwiększając zaufanie i przejrzystość."
"Signature template","Szablon podpisu"
"Send blind carbon copy (BCC) of all emails to","Wyślij ukrytą kopię (UDW) do"
"Automatically send a BCC of all helpdesk-related emails to a specified address for monitoring or record-keeping, helping ensure nothing gets overlooked.","Automatycznie wysyłaj kopię UDW wszystkich wiadomości e-mail związanych z helpdeskiem na wskazany adres w celu monitorowania lub archiwizacji, aby nic nie zostało pominięte."
"Use default Magento cron","Użyj domyślnego Magento cron"
"If this option is disabled, helpdesk-related tasks will not be processed automatically. For instance, emails from the configured gateway will not be fetched. However, you can still manually trigger cron tasks to test the module's functionality.","Jeśli ta opcja jest wyłączona, zadania związane z helpdeskiem nie będą przetwarzane automatycznie. Na przykład wiadomości e-mail z skonfigurowanej bramki nie będą pobierane. Można jednak ręcznie uruchamiać zadania cron, aby przetestować działanie modułu."
"Enable magento cron to ensure scheduled actions like email fetching are handled efficiently without extra configuration.","Włącz cron Magento, aby zaplanowane działania, takie jak pobieranie wiadomości e-mail, były obsługiwane sprawnie bez dodatkowej konfiguracji."
"Allow customer to open ticket by unique URL (without additional authentication)","Pozwala klientowi otworzyć zgłoszenie za pomocą unikalnego adresu URL (bez dodatkowego uwierzytelniania)"
"Customers will receive link in the email notification to access their support tickets via a unique URL, simplifying the process and increasing accessibility by eliminating extra login steps.","Klienci otrzymają w powiadomieniu e-mail link umożliwiający dostęp do ich zgłoszeń wsparcia poprzez unikalny adres URL, co uprości proces i zwiększy dostępność poprzez wyeliminowanie dodatkowych kroków logowania."
"Tickets Settings","Ustawienia zgłoszeń"
"Manage the flow and organization of support tickets efficiently by controlling the prioritization, categorization, and statuses of incoming customer requests. This section ensures that support agents can handle tickets based on urgency and track progress seamlessly.","Zarządzaj przepływem i organizacją zgłoszeń wsparcia, kontrolując priorytetyzację, kategoryzację i statusy przychodzących próśb klientów. Ta sekcja zapewnia, że agenci wsparcia mogą obsługiwać zgłoszenia w oparciu o pilność i płynnie śledzić postępy."
"Priority for new tickets","Priorytet dla nowych zgłoszeń"
"Set the default priority for new tickets to help organize and prioritize customer issues based on urgency.","Ustaw domyślny priorytet dla nowych zgłoszeń, aby pomóc w organizowaniu i priorytetyzacji problemów klientów na podstawie pilności."
"Status for new tickets","Status nowych zgłoszeń"
"Define the default status for new tickets to give clear visibility of ticket progress.","Zdefiniuj domyślny status nowych zgłoszeń, aby zapewnić przejrzysty wgląd w postępy zgłoszeń."
"Move Ticket to Archive if it has one of following statuses:","Przenieś zgłoszenie do archiwum, jeśli posiada jeden z następujących statusów:"
"Automatically move tickets to the archive when they reach specified statuses, ensuring the system stays organized.","Automatycznie przenoś zgłoszenia do archiwum, gdy osiągną określone statusy, zapewniając porządek w systemie."
"Lock Ticket if it has one of following statuses:","Zablokuj zgłoszenie, jeśli ma jeden z następujących statusów:"
"When ticket is locked the customer cannot add a new message to the ticket, while admin still can send messages","Gdy zgłoszenie jest zablokowane, klient nie może dodać nowej wiadomości do zgłoszenia, podczas gdy administrator nadal może wysyłać wiadomości"
"Control when tickets are locked based on their statuses to avoid further changes once certain progress is made.","Kontroluj, kiedy zgłoszenia są blokowane w oparciu o ich statusy, aby uniknąć dalszych zmian po osiągnięciu określonego postępu."
"Tickets autosave period, sec","Czas automatycznego zapisywania zgłoszeń, sek"
"Set how frequently ticket drafts are autosaved, minimizing the risk of losing unsaved work. Leave empty to disable autosave.","Ustaw, jak często szkice zgłoszeń są automatycznie zapisywane, minimalizując ryzyko utraty niezapisanej pracy. Pozostaw puste, aby wyłączyć autozapis."
"Use WYSIWYG Editor in backend","Użyj edytora WYSIWYG w backendzie"
"Enable the use of a text editor for tickets in the backend, making it easier for staff to format replies and provide detailed, structured responses.","Włącz korzystanie z edytora tekstu dla zgłoszeń w backendzie, ułatwiając obsłudze formatowanie odpowiedzi i udzielanie szczegółowych, ustrukturyzowanych odpowiedzi."
"Create Tickets from Contact Us form","Twórz zgłoszenia przez formularz kontaktowy"
"Automatically create helpdesk tickets from submissions via the 'Contact Us' form, turning every inquiry into a manageable support ticket.","Automatycznie twórz zgłoszenia helpdesk ze zgłoszeń wysłanych przez formularz „Skontaktuj się z nami”, zamieniając każde zapytanie w możliwe do zarządzania zgłoszenie wsparcia."
"Admin Display Options","Opcje wyświetlania w panelu administracyjnym"
"Improve the visual accessibility and ease of navigating through tickets in the admin panel. This section allows you to enable quick access to essential data, helping your support team handle tickets faster and more effectively.","Popraw dostępność wizualną i łatwość nawigacji po zgłoszeniach w panelu administracyjnym. Ta sekcja pozwala włączyć szybki dostęp do kluczowych danych, pomagając zespołowi wsparcia szybciej i skuteczniej obsługiwać zgłoszenia."
"Show Quick Data Bar in admin ticket grid","Pokaż pasek szybkich danych w siatce zgłoszeń w panelu administracyjnym"
"This feature enhances workflow visibility and helps agents stay on top of their responsibilities.","Ta funkcja zwiększa widoczność przepływu pracy i pomaga agentom panować nad swoimi obowiązkami."
"Show User Activity Data Bar in admin ticket grid","Pokaż pasek aktywności użytkownika w siatce zgłoszeń w panelu administracyjnym"
"Shows recent user activity related to the ticket, helping managers track staff interactions with customers more efficiently.","Pokazuje ostatnią aktywność użytkownika związaną ze zgłoszeniem, pomagając menedżerom skuteczniej śledzić interakcje obsługi z klientami."
"Show previous/next button in backend ticket edit page","Pokaż przyciski poprzedni / następny stronie edycji zgłoszenia (backend)"
"Display 'previous' and 'next' buttons on the ticket editing page in the backend to move through tickets quickly without returning to the grid.","Wyświetl przyciski „poprzedni” i „następny” na stronie edycji zgłoszenia w backendzie, aby szybko przechodzić między zgłoszeniami bez powrotu do siatki."
"Attachments Settings","Ustawienia załączników"
"Customize how file attachments are managed within the helpdesk. This section helps you control the storage, format, and retention of attachments, ensuring customers and staff can exchange relevant files without compromising storage space.","Dostosuj sposób zarządzania załącznikami plików w helpdesku. Ta sekcja pomaga kontrolować przechowywanie, format i okres przechowywania załączników, zapewniając, że klienci i obsługa mogą wymieniać odpowiednie pliki bez naruszania miejsca w pamięci."
"Store attachments in","Zachowaj załączniki w"
"Select the storage location for ticket attachments, giving you control over file management.","Wybierz lokalizację przechowywania załączników zgłoszeń, dając Ci kontrolę nad zarządzaniem plikami."
"Auto-removing old attachments","Automatyczne usuwanie starych załączników"
"Enable automatic removal of old attachments to free up storage space and keep the system clutter-free","Włącz automatyczne usuwanie starych załączników, aby zwolnić miejsce i utrzymać porządek w systemie"
"Remove attachments older than, days","Usuwaj załączniki starsze niż, dni"
"Specifies the number of days after which old ticket attachments will be deleted.","Określa liczbę dni, po których stare załączniki zgłoszeń zostaną usunięte."
"Only allow upload of attachments with extensions","Zezwala na przesyłanie wyłącznie załączników z rozszerzeniami"
"Restrict attachment uploads to specific file types to avoid security risks and maintain control over the type of files uploaded. Comma separated list. e.g. jpg, jpeg, gif, png, bmp, pdf>","Ogranicz przesyłanie załączników do określonych typów plików, aby uniknąć zagrożeń bezpieczeństwa i zachować kontrolę nad typem przesyłanych plików. Lista oddzielona przecinkami, np. jpg, jpeg, gif, png, bmp, pdf>"
"Feedback Tab","Karta opinii"
"Boost customer engagement by offering an easy-to-use feedback system. The feedback tab allows customers to submit inquiries or tickets directly from the website, improving accessibility to your support team.","Zwiększ zaangażowanie klientów, oferując łatwy w użyciu system opinii. Karta opinii pozwala klientom przesyłać zapytania lub zgłoszenia bezpośrednio ze strony, poprawiając dostępność do zespołu wsparcia."
"Enable Feedback Tab","Aktywuj kartę opinii"
"Activate the feedback tab on your website, making it easy for customers to submit support requests.","Aktywuj kartę opinii na swojej stronie, ułatwiając klientom przesyłanie próśb o wsparcie."
"Assign to Department","Przypisz do działu"
"Automatically assign feedback tab-generated tickets to a specific department, ensuring they reach the right team for quick resolution.","Automatycznie przypisuj zgłoszenia wygenerowane z karty opinii do konkretnego działu, zapewniając, że trafią do właściwego zespołu w celu szybkiego rozwiązania."
"Tab Color","Kolor karty"
"Customize the feedback tab color to align with your brand, making it more visually appealing and noticeable.","Dostosuj kolor karty opinii do swojej marki, sprawiając, że jest bardziej atrakcyjna wizualnie i widoczna."
"Tab Title","Tytuł karty"
"Set the title for the feedback tab, giving customers a clear call to action","Ustaw tytuł karty opinii, dając klientom jasne wezwanie do działania"
"Tab Position","Pozycja karty"
"Choose where the feedback tab is displayed on the screen, ensuring it's easily accessible","Wybierz, gdzie karta opinii jest wyświetlana na ekranie, aby była łatwo dostępna"
"Search Knowledge Base Topics first","Przeszukaj najpierw zawartość bazy wiedzy"
"Allow the feedback tab to suggest knowledge base topics before showing the form, helping reduce support ticket volume by guiding customers to self-help resources.","Pozwól karcie opinii sugerować tematy z bazy wiedzy przed wyświetleniem formularza, pomagając zmniejszyć liczbę zgłoszeń wsparcia poprzez kierowanie klientów do zasobów samopomocy."
"Form Fields","Pola formularza"
"Tailor the feedback submission forms to collect the right information from customers. This section lets you customize form fields and improve the accuracy of the information gathered from customers, enhancing the quality of support requests.","Dostosuj formularze opinii, aby zbierać właściwe informacje od klientów. Ta sekcja pozwala dostosować pola formularza i poprawić dokładność informacji zbieranych od klientów, zwiększając jakość próśb o wsparcie."
"Form Title","Tytuł formularza"
"Set a title for the feedback form to provide context and guide customers on what to expect.","Ustaw tytuł formularza opinii, aby zapewnić kontekst i pokierować klientów, czego mogą się spodziewać."
"Subject Title","Tytuł treści"
"Label the subject field to ensure customers provide a brief overview of their issue.","Oznacz pole tematu, aby klienci podawali krótki opis swojego problemu."
"Subject Placeholder","Treść zastępcza"
"Placeholder text displayed inside the subject input field that provides guidance on what kind of information the customer should enter.","Tekst zastępczy wyświetlany w polu tematu, który podpowiada, jakie informacje klient powinien wprowadzić."
"Description Title","Tytuł opisu"
"Label the description field to prompt customers to provide more details about their inquiry.","Oznacz pole opisu, aby zachęcić klientów do podania większej liczby szczegółów dotyczących ich zapytania."
"Description Placeholder","Opis zastępczy"
"Add helpful placeholder text to guide customers in providing relevant information.","Dodaj pomocny tekst zastępczy, aby pokierować klientów w dostarczaniu odpowiednich informacji."
"Allow customer to attach files","Zezwól klientowi na załączanie plików"
"Enables the option for customers to upload files (e.g., screenshots or documents) with their feedback or support request providing additional context or supporting materials for their issue.","Umożliwia klientom przesyłanie plików (np. zrzutów ekranu lub dokumentów) wraz z opinią lub prośbą o wsparcie, dostarczając dodatkowy kontekst lub materiały pomocnicze do ich problemu."
"Allow customers to select Priority","Pozwól klientom wybrać priorytet"
"Gives customers the ability to set the priority of their feedback or ticket that can help the support team to prioritize urgent requests over less critical ones.","Daje klientom możliwość ustawienia priorytetu swojej opinii lub zgłoszenia, co może pomóc zespołowi wsparcia w priorytetyzacji pilnych próśb przed mniej krytycznymi."
"Allow customer to select Department","Pozwól klientowi wybrać dział"
"Allows customers to choose the department their request should be sent to. This ensures that inquiries are routed to the correct team for faster handling.","Pozwala klientom wybrać dział, do którego ma trafić ich prośba. Dzięki temu zapytania są kierowane do właściwego zespołu w celu szybszej obsługi."
"Improve customer experience by integrating helpdesk functionality into the customer’s account. This section helps you enable features like tracking ticket status, prioritizing requests, and allowing file attachments, making the support process more user-friendly.","Popraw komfort klienta poprzez integrację funkcji helpdesku z kontem klienta. Ta sekcja pomaga włączyć funkcje takie jak śledzenie statusu zgłoszenia, priorytetyzacja próśb i umożliwianie załączania plików, czyniąc proces wsparcia bardziej przyjaznym dla użytkownika."
"Show the Help Desk section in the Customer Account","Pokaż sekcję Helpdesk na koncie klienta"
"Display a Help Desk section in the customer’s account, making it easy for customers to submit and track their support tickets directly from their account dashboard.","Wyświetl sekcję Helpdesk na koncie klienta, ułatwiając klientom przesyłanie i śledzenie zgłoszeń wsparcia bezpośrednio z pulpitu konta."
"Show Help Desk link in customer menu","Wyświetl łącze Helpdesk w menu klienta"
"Add a Help Desk link in the customer's dropdown menu for quick access to the support page, ensuring customers can easily find the help they need.","Dodaj łącze Helpdesk w rozwijanym menu klienta dla szybkiego dostępu do strony wsparcia, zapewniając, że klienci łatwo znajdą potrzebną pomoc."
"Let customers the ability to set the priority of the ticket that can help the support team to prioritize urgent requests over less critical ones.","Pozwól klientom ustawiać priorytet zgłoszenia, co może pomóc zespołowi wsparcia w priorytetyzacji pilnych próśb przed mniej krytycznymi."
"Allow customer to select Order","Zezwalaj klientowi na wybrór Zamówienie"
"Allows customers to link their support tickets to particular orders they have placed, helping support staff to address issues more efficiently.","Pozwala klientom powiązać swoje zgłoszenia wsparcia z konkretnymi zamówieniami, pomagając obsłudze skuteczniej rozwiązywać problemy."
"When enabled, customers can upload files with their ticket submissions, providing additional context or supporting materials for their issue.","Po włączeniu klienci mogą przesyłać pliki wraz ze swoimi zgłoszeniami, dostarczając dodatkowy kontekst lub materiały pomocnicze do ich problemu."
"Customer Satisfaction Survey","Ankieta zadowolenia klienta"
"Gain valuable insights into customer satisfaction with your support. This section allows you to include surveys in your communications and view the results, helping you continually improve your service based on real feedback.","Uzyskaj cenne informacje o zadowoleniu klientów z Twojego wsparcia. Ta sekcja pozwala dołączać ankiety do komunikacji i przeglądać wyniki, pomagając stale ulepszać usługę na podstawie prawdziwych opinii."
"Include a satisfaction survey in the reply email from staff members","Dołącz ankietę zadowolenia w odpowiedziach od obsługi"
"Automatically include a satisfaction survey in staff reply emails to encourage feedback and measure customer satisfaction with the support they received.","Automatycznie dołączaj ankietę zadowolenia do e-maili z odpowiedziami obsługi, aby zachęcać do opinii i mierzyć zadowolenie klientów z otrzymanego wsparcia."
"Show survey results in the frontend ticket history","Pokaż wyniki ankiety w historii zgłoszeń po stronie klienta"
"Allow customers to view their survey ratings in the ticket history within their account, giving them transparency on how they rated their interaction with support.","Pozwól klientom przeglądać ich oceny ankietowe w historii zgłoszeń na ich koncie, zapewniając przejrzystość ocen interakcji ze wsparciem."
"Show survey results in the backend ticket history","Pokaż wyniki ankiety w historii zgłoszeń"
"Provide support staff access to customer satisfaction ratings in the backend, allowing them to review and address feedback for service improvement.","Zapewnij obsłudze dostęp do ocen zadowolenia klientów w backendzie, umożliwiając przeglądanie i reagowanie na opinie w celu poprawy obsługi."
"Send survey results to the ticket owner","Wyślij wyniki ankiety do właściciela zgłoszenia"
"Notify the assigned staff member when a customer submits a satisfaction survey, giving them the opportunity to review their performance.","Powiadom przypisanego pracownika obsługi, gdy klient prześle ankietę zadowolenia, dając mu możliwość oceny swojej pracy."
"Send survey results to emails","Wyślij wyniki ankiety na e-maile"
"Automatically send customer satisfaction survey results to designated email addresses (e.g., managers) for analysis and performance tracking. You can enter multiple emails separated by a comma.","Automatycznie wysyłaj wyniki ankiet zadowolenia klientów na wskazane adresy e-mail (np. menedżerów) w celu analizy i śledzenia wydajności. Możesz wprowadzić wiele adresów e-mail oddzielonych przecinkami."
"Email Notification Settings","Ustawienia powiadomień e-mail"
"Ensure efficient communication between your support team and customers by configuring how and when email notifications are sent. This section helps automate key touchpoints, keeping all parties informed about ticket statuses.","Zapewnij skuteczną komunikację między zespołem wsparcia a klientami, konfigurując sposób i czas wysyłania powiadomień e-mail. Ta sekcja pomaga zautomatyzować kluczowe punkty kontaktu, informując wszystkie strony o statusach zgłoszeń."
"Show Ticket ID in the email title","Pokaż identyfikator zgłoszenia w tytule wiadomości e-mail"
"Include the ticket ID in the subject line of helpdesk-related emails, making it easy for both customers and staff to reference specific tickets in ongoing conversations.","Dołącz ID zgłoszenia do tematu wiadomości e-mail związanych z helpdeskiem, ułatwiając zarówno klientom, jak i obsłudze odwoływanie się do konkretnych zgłoszeń w trwających konwersacjach."
"Add customers Cc emails to the ticket","Dodaj adresy Cc klientów do zgłoszenia"
"When enabled will automatically add additional email recipients (Cc) to the ticket from the fetched email. If option is enabled spam Cc email are possible.","Po włączeniu automatycznie doda dodatkowych odbiorców (Cc) do zgłoszenia z pobranego e-maila. Jeśli opcja jest włączona, możliwy jest spam w polu Cc."
"Number of last replies to be shown in the ticket history","Liczba ostatnich odpowiedzi do wyświetlenia w historii zgłoszeń"
"Control how many recent replies are displayed in the ticket history within email notifications, providing context without overwhelming the recipient with too much information.","Kontroluj, ile ostatnich odpowiedzi jest wyświetlanych w historii zgłoszenia w powiadomieniach e-mail, zapewniając kontekst bez przytłaczania odbiorcy nadmiarem informacji."
"Email Notification Templates","Szablony powiadomień e-mail"
"Streamline your email communication with customers and staff by setting notification templates. This section ensures that each email interaction is consistent and professional, keeping everyone aligned with support activities.","Usprawnij komunikację e-mailową z klientami i obsługą, ustawiając szablony powiadomień. Ta sekcja zapewnia, że każda interakcja e-mailowa jest spójna i profesjonalna, utrzymując wszystkich w zgodzie z działaniami wsparcia."
"Template of New Ticket Email for Customer","Szablon nowego e-maila ze zgłoszeniem dla klienta"
"Set the email template that notifies customers when a new ticket is created, ensuring consistent branding and communication.","Ustaw szablon e-maila powiadamiający klientów o utworzeniu nowego zgłoszenia, zapewniając spójność marki i komunikacji."
"Template of New Ticket Email for Staff","Szablon nowego e-maila ze zgłoszeniem dla obsługi"
"Set the template for the email notifying staff about new tickets, ensuring timely alerts and a professional look.","Ustaw szablon e-maila powiadamiający obsługę o nowych zgłoszeniach, zapewniając terminowe alerty i profesjonalny wygląd."
"Template of Ticket Email Assigned to Staff","Szablon e-maila ze zgłoszeniem przypisanym do obsługi"
"Set the email template used when a ticket is assigned to a staff member, ensuring they are informed of their new task promptly.","Ustaw szablon e-maila używany przy przypisywaniu zgłoszenia do pracownika, zapewniając, że zostanie on niezwłocznie poinformowany o nowym zadaniu."
"Template of New Message Email for Customer","Szablon nowej wiadomości e-mail dla klienta"
"Set the template for emails that update customers when a new message is posted to their ticket, ensuring they stay informed about progress.","Ustaw szablon e-maili informujących klientów o nowej wiadomości w ich zgłoszeniu, zapewniając, że pozostają na bieżąco z postępami."
"Template of New Message Email for Staff","Szablon nowej wiadomości e-mail dla obsługi"
"Set the template to alert staff when a customer responds, ensuring timely follow-ups.","Ustaw szablon powiadamiający obsługę o odpowiedzi klienta, zapewniając terminowe działania następcze."
"Template of New Message Email for Third Party","Szablon nowej wiadomości e-mail dla strony trzeciej"
"Set the template for notifying third-party collaborators, ensuring external stakeholders stay updated on the ticket progress.","Ustaw szablon powiadamiający współpracowników zewnętrznych, zapewniając, że zewnętrzni interesariusze są na bieżąco z postępami zgłoszenia."
"Template of Ticket Reminder","Szablon przypomnienia o zgłoszeniu"
"Set the template for reminder emails, prompting customers to follow up on unresolved tickets.","Ustaw szablon e-maili przypominających, zachęcający klientów do podjęcia działań w sprawie nierozwiązanych zgłoszeń."
"Template of Rule Notification","Szablon powiadomienia o regułach"
"Set a rule-specific template for automated emails sent via helpdesk workflow rules, ensuring consistency in communications.","Ustaw szablon specyficzny dla reguły dla automatycznych wiadomości e-mail wysyłanych przez reguły przepływu pracy helpdesku, zapewniając spójność komunikacji."
"Template of Survey Satisfaction Result","Szablon wyniku ankiety zadowolenia"
"Set the template used to send staff survey feedback results, providing insights into customer satisfaction.","Ustaw szablon używany do wysyłania pracownikom wyników opinii ankietowych, dostarczając wglądu w zadowolenie klientów."
"Desktop Notification Settings","Ustawienia powiadomień pulpitu"
"Keep your staff informed in real time with desktop notifications about new tickets and updates. This section enables instant awareness of new tasks, helping the support team act quickly and stay organized.","Informuj obsługę w czasie rzeczywistym za pomocą powiadomień pulpitu o nowych zgłoszeniach i aktualizacjach. Ta sekcja umożliwia natychmiastową świadomość nowych zadań, pomagając zespołowi wsparcia działać szybko i pozostać zorganizowanym."
"Notifications check period, sec","Czas sprawdzania powiadomień, sek"
"On heavy-loaded systems, this can cause production loss - so in this case, you need to disable this feature, or increase the check period to 500-600 secs. Setting to 0 will disable them.","W mocno obciążonych systemach może to powodować spadek wydajności - w takim przypadku należy wyłączyć tę funkcję lub zwiększyć okres sprawdzania do 500-600 sekund. Ustawienie 0 wyłączy je."
"Adjusting the frequency helps staff stay updated in real-time, ensuring timely follow-ups.","Dostosowanie częstotliwości pomaga obsłudze pozostać na bieżąco w czasie rzeczywistym, zapewniając terminowe działania następcze."
"Show notification about arrival of new tickets for","Pokaż powiadomienie o nadejściu nowych zgłoszeń dla"
"Allows you to specify which users should receive notifications about the arrival of new tickets, ensuring the right team members are alerted promptly.","Pozwala określić, którzy użytkownicy powinni otrzymywać powiadomienia o nadejściu nowych zgłoszeń, zapewniając, że właściwi członkowie zespołu są niezwłocznie powiadamiani."
"Enable notification about arrival of new messages in tickets assigned for user","Włącz powiadomienia o nadejściu nowych wiadomości w zgłoszeniach przypisanych do użytkownika"
"Notifies users about a new message is added to any ticket that they are assigned to, helping them stay informed on ticket updates.","Powiadamia użytkowników o dodaniu nowej wiadomości do dowolnego zgłoszenia, do którego są przypisani, pomagając im pozostać na bieżąco z aktualizacjami zgłoszeń."
"Enable notification about assigning a ticket to the user","Włącz powiadomienia o przypisaniu zgłoszenia do użytkownika"
"Sends a notification to users when a ticket is assigned to them, ensuring they are aware of their new responsibilities.","Wysyła powiadomienie do użytkowników, gdy zgłoszenie zostanie im przypisane, zapewniając, że są świadomi nowych obowiązków."
"Set clear expectations for customers by displaying your business hours. This section helps customers know when they can expect support availability, enhancing the overall customer experience and ensuring timely responses.","Ustaw jasne oczekiwania dla klientów, wyświetlając godziny pracy. Ta sekcja pomaga klientom wiedzieć, kiedy mogą oczekiwać dostępności wsparcia, poprawiając ogólny komfort klienta i zapewniając terminowe odpowiedzi."
"Working schedule title","Tytuł harmonogramu pracy"
"Customize the title for the working hours section on the 'Contact Us' page, ensuring customers know when your team is available.","Dostosuj tytuł sekcji godzin pracy na stronie „Skontaktuj się z nami”, aby klienci wiedzieli, kiedy Twój zespół jest dostępny."
"Upcoming working schedule title","Tytuł nadchodzącego harmonogramu pracy"
"Add a title for upcoming business hours, providing customers with clear information on future availability.","Dodaj tytuł dla nadchodzących godzin pracy, dostarczając klientom jasnych informacji o przyszłej dostępności."
"Default message when we are open","Domyślna wiadomość w godzinach pracy"
"Can be overwritten for each schedule in Customers > Help Desk MX > Working Hours.  This allows you to provide customized messages for different time periods or scenarios, depending on the specific schedule of your support team.","Może zostać nadpisane dla każdego harmonogramu w Klienci > Help Desk MX > Godziny pracy. Pozwala to dostarczać dostosowane komunikaty dla różnych okresów lub scenariuszy, w zależności od konkretnego harmonogramu zespołu wsparcia."
"Set a default message to display when the helpdesk is open, encouraging customers to reach out during business hours.","Ustaw domyślny komunikat wyświetlany, gdy helpdesk jest otwarty, zachęcając klientów do kontaktu w godzinach pracy."
"Default message when we are closed","Domyślna wiadomość przy zakończeniu pracy"
"Define the message displayed when the helpdesk is closed managing customer expectations during off-hours.","Zdefiniuj komunikat wyświetlany, gdy helpdesk jest zamknięty, zarządzając oczekiwaniami klientów poza godzinami pracy."
"Show online/offline status on the Contact Us page","Pokaż status online/offline na stronie Skontaktuj się z nami"
"Display the status on the Contact Us page that can help manage customer expectations about when support is available.","Wyświetl status na stronie Skontaktuj się z nami, co pomoże zarządzać oczekiwaniami klientów dotyczącymi dostępności wsparcia."
"Show online/offline status in the Feedback popup","Pokaż stan online/offline w wyskakującym okienku opinii"
"Display the status in the Feedback popup that can be useful for informing customers about availability before submitting a request or feedback.","Wyświetl status w wyskakującym okienku opinii, co może być przydatne do informowania klientów o dostępności przed wysłaniem prośby lub opinii."
"Show online/offline status in the Customer Account > My Tickets","Pokaż status online/offline na koncie klienta > Moje zgłoszenia"
"Display the status in the My Tickets section of the customer's account. This help customers know whether they can expect a prompt response to their support ticket.","Wyświetl status w sekcji Moje zgłoszenia na koncie klienta. Pomaga to klientom wiedzieć, czy mogą oczekiwać szybkiej odpowiedzi na zgłoszenie wsparcia."
"Show working hours on the Contact Us page","Pokaż godziny pracy na stronie Skontaktuj się z nami"
"Display the status on the Contact Us page to give customers a clear idea of when you are available for support","Wyświetl status na stronie Skontaktuj się z nami, aby klienci mieli jasny obraz tego, kiedy jesteś dostępny dla wsparcia"
"Show holiday schedule in X days before activation","Pokaż harmonogram urlopów X dni wcześniej"
"Specifies how many days in advance your holiday schedule will be displayed to customers to ensure that customers are informed about upcoming holiday hours before they take effect","Określa, na ile dni przed wprowadzeniem w życie harmonogram świąteczny będzie wyświetlany klientom, aby zapewnić, że klienci są informowani o nadchodzących godzinach świątecznych"
"Track the performance of your helpdesk with reporting on solved tickets. This section allows you to define which ticket statuses are considered solved, helping you monitor team efficiency and customer service success.","Śledź wydajność swojego helpdesku dzięki raportowaniu rozwiązanych zgłoszeń. Ta sekcja pozwala zdefiniować, które statusy zgłoszeń są uznawane za rozwiązane, pomagając monitorować wydajność zespołu i sukces obsługi klienta."
"Solved Statuses","Rozwiązane statusy"
"Developer Settings","Ustawienia programisty"
"Optimize the technical aspects of the helpdesk system with developer-specific options. This section helps in testing, debugging, and customizing the module to suit your website's infrastructure without disrupting live operations.","Optymalizuj techniczne aspekty systemu helpdesk za pomocą opcji dla programistów. Ta sekcja pomaga w testowaniu, debugowaniu i dostosowywaniu modułu do infrastruktury Twojej strony bez zakłócania bieżącej pracy."
"Activate Sandbox","Aktywuj piaskownicę (Sandbox)"
"Enable sandbox mode to test the helpdesk system without affecting live data. All emails will be redirected to the sandbox email, preventing disruptions to real customer interactions.","Włącz tryb piaskownicy, aby testować system helpdesk bez wpływu na dane produkcyjne. Wszystkie e-maile będą przekierowywane na adres piaskownicy, zapobiegając zakłóceniom rzeczywistych interakcji z klientami."
"Send All Outgoing emails to Email","Wyślij wszystkie wychodzące wiadomości na e-mail"
"Set an email address to receive all outgoing emails in sandbox mode, ensuring a controlled environment for testing email templates and notifications.","Ustaw adres e-mail, na który będą wysyłane wszystkie wychodzące wiadomości w trybie piaskownicy, zapewniając kontrolowane środowisko do testowania szablonów e-mail i powiadomień."
"Force store's theme to apply styles","Wymuś zastosowanie stylów w motywie sklepu"
"If theme overrides Magento way of including style this option will add Help Desk styles to page","Jeśli motyw nadpisuje sposób dołączania stylów Magento, ta opcja doda style Help Desk do strony"
"Log ticket deletion","Monitoruj usuwanie zgłoszeń"
"Keep a log of deleted tickets to track deletions and maintain a record for audit or recovery purposes, stored in the /var/log/mirasvit/helpdesk.log file.","Prowadź dziennik usuniętych zgłoszeń, aby śledzić usunięcia i zachować rejestr na potrzeby audytu lub odzyskiwania, przechowywany w pliku /var/log/mirasvit/helpdesk.log."
"Help Text","Tekst pomocy"
"Add customizable help text that appears under the title on the 'Contact Us' page and Feedback tab, providing customers with clear guidance on how to submit a support request.","Dodaj konfigurowalny tekst pomocy, który pojawia się pod tytułem na stronie „Skontaktuj się z nami” i karcie opinii, dostarczając klientom jasnych wskazówek, jak przesłać prośbę o wsparcie."
"Show customer the local time in backend","Pokaż czas lokalny klienta w backend"
"Display the customer’s local time in the backend to help support staff understand when the customer submitted the ticket, providing context for time-sensitive issues.","Wyświetlaj lokalny czas klienta w backendzie, aby pomóc obsłudze zrozumieć, kiedy klient przesłał zgłoszenie, dostarczając kontekst dla spraw zależnych od czasu."
"Enable Google reCaptcha","Włącz Google reCaptcha"
"Activate Google reCaptcha on Helpdesk pages to prevent spam and bots from submitting fraudulent tickets. Configuration for reCaptcha settings is available in Configuration > Security > Google reCaptcha.","Aktywuj Google reCaptcha na stronach Helpdesk, aby zapobiec wysyłaniu fałszywych zgłoszeń przez spam i boty. Konfiguracja ustawień reCaptcha jest dostępna w Konfiguracja > Bezpieczeństwo > Google reCaptcha."
"Helpdesk Contact Form","Formularz kontaktowy Helpdesku"
"Helpdesk Satisfaction Block","Blok zadowolenia z obsługi zgłoszeń"
"Satisfaction List Url","Adres URL do listy zadowolenia"
"Helpdesk Satisfaction List","Lista zadowolenia z obsługi zgłoszeń"
"All Store Views","Wszystkie widoki Sklepu"
"Purchased From","Zakupiony od"
"Replies #","Odpowiedzi #"
"Created","Utworzony"
"Modified","Zmodyfikowano"
"Title","Tytuł"
"Active","Aktywny"
"Is Shown on Frontend","Jest widoczny dla klienta"
"Sort Order","Kolejność sortowania"
"Sender Email","Email nadawcy"
"Members of Department","Członkowie działu"
"Notification","Powiadomienie"
"If ticket is unassigned, send notifications to all department members","Jeśli zgłoszenie nie jest przypisane, wyślij powiadomienia do wszystkich członków działu"
"If ticket is unassigned, send notifications to email","Jeśli zgłoszenie nie jest przypisane, wyślij powiadomienia na e-mail"
"Code","Kod"
"Internal field. Can contain only letters, digits and underscore.","Pole wewnętrzne. Może zawierać tylko litery, cyfry i podkreślenia."
"Type","Typ"
"Description","Opis"
"Options list","Lista opcji"
"Only for drop-down list. Enter each value from the new line using format:<br>value1 | label1<br>value2 | label2","Tylko dla listy rozwijanej. Wprowadź każdą wartość w nowej linii w formacie:<br>wartość1 | etykieta1<br>wartość2 | etykieta2"
"Show value in customer account","Pokaż wartość na koncie klienta"
"Show in create ticket form","Pokaż w formularzu tworzenia zgłoszenia"
"Show in contact us form","Pokaż w formularzu kontaktowym"
"Required for customers","Wymagane dla klientów"
"Required for staff","Wymagane dla obsługi"
"Authorization Type","Typ autoryzacji"
"OAuth2 Client ID","OAuth2 Client ID"
"OAuth2 Client Secret","OAuth2 Client Secret"
"OAuth2 Redirect URI","OAuth2 Redirect URI"
"Use this URL when configuring OAuth2 credentials in Google Cloud Console","Użyj tego adresu URL podczas konfigurowania poświadczeń OAuth2 w Google Cloud Console"
"Gmail Connection","Połączenie Gmail"
"Connection Status","Status połączenia"
"Login","Login"
"Password","Hasło"
"Host","Host"
"Protocol","Protokół"
"Encryption","Szyfrowanie"
"Port","Port"
"Fetch Frequency (minutes)","Częstotliwość pobierania (minuty)"
"Fetch Max","Pobieraj maksymalnie"
"Fetch Only X Last Emails","Pobierz tylko x ostatnich e-maili"
"Can be useful for some mailboxes. Leave empty to disable this feature.","Może być przydatne dla niektórych skrzynek. Pozostaw puste, aby wyłączyć tę funkcję."
"Remove emails after fetching","Usuwaj e-maile po pobraniu"
"Auto-assign tickets to Store View","Automatyczne przypisywanie zgłoszeń do widoku sklepu"
"Auto-assign tickets to department","Automatyczne przypisywanie zgłoszeń do działu"
"Notes","Uwagi"
"Create New Department","Utwórz nowy dział"
"Change status","Zmień status"
"Inactive","Nieaktywny"
"Delete items","Usuń elementy"
"Are you sure you want to delete selected items?","Czy na pewno chcesz usunąć wybrane elementy?"
"Is Active","Jest aktywny"
"Create New Field","Utwórz nowe pole"
"Create New Gateway","Utwórz nową bramkę"
"Last Fetched At","Ostatnio pobrano o"
"Last Fetch Result","Wynik ostatniego pobrania"
"Create New Pattern","Utwórz nowy wzór"
"Create New Permission","Utwórz nowe uprawnienie"
"Role","Rola"
"Has Access to Tickets of Departments","Ma dostęp do zgłoszeń oddziałów"
"Can Remove Tickets","Może usuwać zgłoszenia"
"Create New Priority","Utwórz nowy priorytet"
"Color","Kolor"
"Create New Rule","Utwórz nową regułę"
"Stop Processing","Zatrzymaj przetwarzanie"
"Remote Ip","Zdalny IP"
"View Ticket","Wyświetl zgłoszenie"
"Create New Schedule","Utwórz nowy harmonogram"
"Holiday","Urlop"
"Active From","Aktywny od"
"Active To","Aktywny do"
"Create New Status","Utwórz nowy status"
"Create New Template","Utwórz nowy szablon"
"Select...","Wybierz ..."
"Mark as Spam","Oznacz jako spam"
"Mark as Archive","Oznacz jako archiwum"
"Merge tickets","Połącz zgłoszenia"
"Mark as Inbox","Oznacz jako skrzynkę odbiorczą"
"Change Assignee","Przypisz do"
"Requester","Stworzone przez"
"Requester Email","E-mail autora"
"Scope","Zakres"
"If one of these characters uses as part of the string it should be escaped with \(backslash ): . \ + * ? [ ^ ] $ ( ) { } = ! < > | : - #. The pattern should be enclosed by delimiters.","Jeśli któryś z tych znaków jest używany jako część ciągu, należy go poprzedzić znakiem \(ukośnik wsteczny): . \ + * ? [ ^ ] $ ( ) { } = ! < > | : - #. Wzorzec powinien być otoczony separatorami."
"Allows access to tickets of departments","Zezwala na dostęp do zgłoszeń działów"
"Can Delete Tickets","Może usuwać bilety"
"Rule Name","Nazwa reguły"
"Arranged in the ascending order. 0 is the highest.","Ułożone w kolejności rosnącej. 0 jest najwyższe."
"Stop Further Rules Processing","Zatrzymaj dalsze przetwarzanie reguł"
"Conditions","Warunki"
"Event","Wydarzenie"
"Actions","Akcje"
"Set Status","Ustaw status"
"Set Priority","Ustaw priorytet"
"Set Department","Ustaw dział"
"Set Owner","Przydziel do"
"Add Tags","Dodaj tagi"
"Remove Tags","Usuń tagi"
"Notifications","Powiadomienia"
"Send email to ticket owner","Wyślij e-mail do zarządzającego zgłoszeniem"
"Send email to all department users","Wyślij e-mail do wszystkich użytkowników działu"
"Send email to customer","Wyślij e-mail do klienta"
"Send email to other email addresses","Wyślij wiadomość na inne adresy e-mail"
"Email subject","Temat wiadomości e-mail"
"Email Body","Treść wiadomości e-mail"
"Attach files previously attached to the last message","Załącz pliki dołączone wcześniej do ostatniej wiadomości"
"Stores","Sklepy"
"Is Holiday","Oznacz jako urlop"
"Timezone","Strefa czasowa"
"Open message","Wiadomość w godzinach pracy"
"Closed message","Wiadomość po godzinach pracy"
"Internal Title","Tytuł wewnętrzny"
"Template","Szablon"
"Request ID","ID"
"Admin or integration authorization is required.","Wymagana jest autoryzacja administratora lub integracji."
"Internal notes require an admin identity and cannot be added with an integration token.","Notatki wewnętrzne wymagają tożsamości administratora i nie można ich dodać za pomocą tokena integracji."
"Customer email:","Email klienta:"
"Comment:","Komentarz:"
"This browser does not support desktop notification","Ta przeglądarka nie obsługuje powiadomień pulpitu"
"Please save the gateway first before connecting to Gmail.","Najpierw zapisz bramkę przed połączeniem z Gmail."
"Please enter Client ID and Client Secret before connecting.","Wprowadź Client ID i Client Secret przed połączeniem."
"Your message will be emailed to the customer","Twoja wiadomość zostanie wysłana do klienta"
"Your message will be emailed to your colleague. The customer will not see it.","Twoja wiadomość zostanie wysłana e-mailem do współpracownika. Klient jej nie zobaczy."
"Your message will be emailed to the third party. Customer will see it in the ticket history.","Twoja wiadomość zostanie wysłana za pośrednictwem e-maila do strony trzeciej. Klient zobaczy to w historii zgłoszenia."
"Internal Message to Third Party","Wiadomość wewnętrzna do strony trzeciej"
"Your message will be emailed to the third party. The customer will not see it.","Twoja wiadomość zostanie wysłana e-mailem do strony trzeciej. Klient tego nie zobaczy."
"Session has expired. Please copy all unsaved data and reload the page.","Sesja wygasła. Skopiuj wszystkie niezapisane dane i odśwież stronę."
"Upload Too Large","Przesyłany plik jest zbyt duży"
"Open","Otwarty"
"Help Desk MX","Helpdesk MX"
"General Settings","Ustawienia ogólne"
"Enhance the overall performance and user experience of your helpdesk by setting up core features such as how communication is managed, personalizing customer interactions, and ensuring smooth ticket management with automated tasks.","Zwiększ ogólną wydajność i komfort korzystania z helpdesku, konfigurując kluczowe funkcje, takie jak zarządzanie komunikacją, personalizacja interakcji z klientami oraz zapewnienie sprawnej obsługi zgłoszeń dzięki zautomatyzowanym zadaniom."
"Helpdesk title in the customer account","Nazwa Helpdesk na koncie klienta"
"Customize the title displayed for the Helpdesk section in the customer's account to create a clear and branded support experience.","Dostosuj tytuł sekcji Helpdesk wyświetlany na koncie klienta, aby zapewnić przejrzyste i markowe doświadczenie wsparcia."
"Sign staff replies","Podpisuj odpowiedzi"
"Adds a personal touch to customer communication, which helps personalize responses and provide clarity on who handled the support request increasing trust and transparency.","Dodaje osobisty akcent do komunikacji z klientem, co pomaga personalizować odpowiedzi i jasno wskazuje, kto obsłużył zgłoszenie, zwiększając zaufanie i przejrzystość."
"Signature template","Szablon podpisu"
"Send blind carbon copy (BCC) of all emails to","Wyślij ukrytą kopię (UDW) do"
"Automatically send a BCC of all helpdesk-related emails to a specified address for monitoring or record-keeping, helping ensure nothing gets overlooked.","Automatycznie wysyłaj kopię UDW wszystkich wiadomości e-mail związanych z helpdeskiem na wskazany adres w celu monitorowania lub archiwizacji, aby nic nie zostało pominięte."
"Use default Magento cron","Użyj domyślnego Magento cron"
"If this option is disabled, helpdesk-related tasks will not be processed automatically. For instance, emails from the configured gateway will not be fetched. However, you can still manually trigger cron tasks to test the module's functionality.","Jeśli ta opcja jest wyłączona, zadania związane z helpdeskiem nie będą przetwarzane automatycznie. Na przykład wiadomości e-mail z skonfigurowanej bramki nie będą pobierane. Można jednak ręcznie uruchamiać zadania cron, aby przetestować działanie modułu."
"Enable magento cron to ensure scheduled actions like email fetching are handled efficiently without extra configuration.","Włącz cron Magento, aby zaplanowane działania, takie jak pobieranie wiadomości e-mail, były obsługiwane sprawnie bez dodatkowej konfiguracji."
"Allow customer to open ticket by unique URL (without additional authentication)","Pozwala klientowi otworzyć zgłoszenie za pomocą unikalnego adresu URL (bez dodatkowego uwierzytelniania)"
"Customers will receive link in the email notification to access their support tickets via a unique URL, simplifying the process and increasing accessibility by eliminating extra login steps.","Klienci otrzymają w powiadomieniu e-mail link umożliwiający dostęp do ich zgłoszeń wsparcia poprzez unikalny adres URL, co uprości proces i zwiększy dostępność poprzez wyeliminowanie dodatkowych kroków logowania."
"Tickets Settings","Ustawienia zgłoszeń"
"Manage the flow and organization of support tickets efficiently by controlling the prioritization, categorization, and statuses of incoming customer requests. This section ensures that support agents can handle tickets based on urgency and track progress seamlessly.","Zarządzaj przepływem i organizacją zgłoszeń wsparcia, kontrolując priorytetyzację, kategoryzację i statusy przychodzących próśb klientów. Ta sekcja zapewnia, że agenci wsparcia mogą obsługiwać zgłoszenia w oparciu o pilność i płynnie śledzić postępy."
"Priority for new tickets","Priorytet dla nowych zgłoszeń"
"Set the default priority for new tickets to help organize and prioritize customer issues based on urgency.","Ustaw domyślny priorytet dla nowych zgłoszeń, aby pomóc w organizowaniu i priorytetyzacji problemów klientów na podstawie pilności."
"Status for new tickets","Status nowych zgłoszeń"
"Define the default status for new tickets to give clear visibility of ticket progress.","Zdefiniuj domyślny status nowych zgłoszeń, aby zapewnić przejrzysty wgląd w postępy zgłoszeń."
"Move Ticket to Archive if it has one of following statuses:","Przenieś zgłoszenie do archiwum, jeśli posiada jeden z następujących statusów:"
"Automatically move tickets to the archive when they reach specified statuses, ensuring the system stays organized.","Automatycznie przenoś zgłoszenia do archiwum, gdy osiągną określone statusy, zapewniając porządek w systemie."
"Lock Ticket if it has one of following statuses:","Zablokuj zgłoszenie, jeśli ma jeden z następujących statusów:"
"When ticket is locked the customer cannot add a new message to the ticket, while admin still can send messages","Gdy zgłoszenie jest zablokowane, klient nie może dodać nowej wiadomości do zgłoszenia, podczas gdy administrator nadal może wysyłać wiadomości"
"Control when tickets are locked based on their statuses to avoid further changes once certain progress is made.","Kontroluj, kiedy zgłoszenia są blokowane w oparciu o ich statusy, aby uniknąć dalszych zmian po osiągnięciu określonego postępu."
"Tickets autosave period, sec","Czas automatycznego zapisywania zgłoszeń, sek"
"Set how frequently ticket drafts are autosaved, minimizing the risk of losing unsaved work. Leave empty to disable autosave.","Ustaw, jak często szkice zgłoszeń są automatycznie zapisywane, minimalizując ryzyko utraty niezapisanej pracy. Pozostaw puste, aby wyłączyć autozapis."
"Use WYSIWYG Editor in backend","Użyj edytora WYSIWYG w backendzie"
"Enable the use of a text editor for tickets in the backend, making it easier for staff to format replies and provide detailed, structured responses.","Włącz korzystanie z edytora tekstu dla zgłoszeń w backendzie, ułatwiając obsłudze formatowanie odpowiedzi i udzielanie szczegółowych, ustrukturyzowanych odpowiedzi."
"Create Tickets from Contact Us form","Twórz zgłoszenia przez formularz kontaktowy"
"Automatically create helpdesk tickets from submissions via the 'Contact Us' form, turning every inquiry into a manageable support ticket.","Automatycznie twórz zgłoszenia helpdesk ze zgłoszeń wysłanych przez formularz „Skontaktuj się z nami”, zamieniając każde zapytanie w możliwe do zarządzania zgłoszenie wsparcia."
"Admin Display Options","Opcje wyświetlania w panelu administracyjnym"
"Improve the visual accessibility and ease of navigating through tickets in the admin panel. This section allows you to enable quick access to essential data, helping your support team handle tickets faster and more effectively.","Popraw dostępność wizualną i łatwość nawigacji po zgłoszeniach w panelu administracyjnym. Ta sekcja pozwala włączyć szybki dostęp do kluczowych danych, pomagając zespołowi wsparcia szybciej i skuteczniej obsługiwać zgłoszenia."
"Show Quick Data Bar in admin ticket grid","Pokaż pasek szybkich danych w siatce zgłoszeń w panelu administracyjnym"
"This feature enhances workflow visibility and helps agents stay on top of their responsibilities.","Ta funkcja zwiększa widoczność przepływu pracy i pomaga agentom panować nad swoimi obowiązkami."
"Show User Activity Data Bar in admin ticket grid","Pokaż pasek aktywności użytkownika w siatce zgłoszeń w panelu administracyjnym"
"Shows recent user activity related to the ticket, helping managers track staff interactions with customers more efficiently.","Pokazuje ostatnią aktywność użytkownika związaną ze zgłoszeniem, pomagając menedżerom skuteczniej śledzić interakcje obsługi z klientami."
"Show previous/next button in backend ticket edit page","Pokaż przyciski poprzedni / następny stronie edycji zgłoszenia (backend)"
"Display 'previous' and 'next' buttons on the ticket editing page in the backend to move through tickets quickly without returning to the grid.","Wyświetl przyciski „poprzedni” i „następny” na stronie edycji zgłoszenia w backendzie, aby szybko przechodzić między zgłoszeniami bez powrotu do siatki."
"Attachments Settings","Ustawienia załączników"
"Customize how file attachments are managed within the helpdesk. This section helps you control the storage, format, and retention of attachments, ensuring customers and staff can exchange relevant files without compromising storage space.","Dostosuj sposób zarządzania załącznikami plików w helpdesku. Ta sekcja pomaga kontrolować przechowywanie, format i okres przechowywania załączników, zapewniając, że klienci i obsługa mogą wymieniać odpowiednie pliki bez naruszania miejsca w pamięci."
"Store attachments in","Zachowaj załączniki w"
"Select the storage location for ticket attachments, giving you control over file management.","Wybierz lokalizację przechowywania załączników zgłoszeń, dając Ci kontrolę nad zarządzaniem plikami."
"Auto-removing old attachments","Automatyczne usuwanie starych załączników"
"Enable automatic removal of old attachments to free up storage space and keep the system clutter-free","Włącz automatyczne usuwanie starych załączników, aby zwolnić miejsce i utrzymać porządek w systemie"
"Remove attachments older than, days","Usuwaj załączniki starsze niż, dni"
"Specifies the number of days after which old ticket attachments will be deleted.","Określa liczbę dni, po których stare załączniki zgłoszeń zostaną usunięte."
"Only allow upload of attachments with extensions","Zezwala na przesyłanie wyłącznie załączników z rozszerzeniami"
"Restrict attachment uploads to specific file types to avoid security risks and maintain control over the type of files uploaded. Comma separated list. e.g. jpg, jpeg, gif, png, bmp, pdf>","Ogranicz przesyłanie załączników do określonych typów plików, aby uniknąć zagrożeń bezpieczeństwa i zachować kontrolę nad typem przesyłanych plików. Lista oddzielona przecinkami, np. jpg, jpeg, gif, png, bmp, pdf>"
"Feedback Tab","Karta opinii"
"Boost customer engagement by offering an easy-to-use feedback system. The feedback tab allows customers to submit inquiries or tickets directly from the website, improving accessibility to your support team.","Zwiększ zaangażowanie klientów, oferując łatwy w użyciu system opinii. Karta opinii pozwala klientom przesyłać zapytania lub zgłoszenia bezpośrednio ze strony, poprawiając dostępność do zespołu wsparcia."
"Enable Feedback Tab","Aktywuj kartę opinii"
"Activate the feedback tab on your website, making it easy for customers to submit support requests.","Aktywuj kartę opinii na swojej stronie, ułatwiając klientom przesyłanie próśb o wsparcie."
"Assign to Department","Przypisz do działu"
"Automatically assign feedback tab-generated tickets to a specific department, ensuring they reach the right team for quick resolution.","Automatycznie przypisuj zgłoszenia wygenerowane z karty opinii do konkretnego działu, zapewniając, że trafią do właściwego zespołu w celu szybkiego rozwiązania."
"Tab Color","Kolor karty"
"Customize the feedback tab color to align with your brand, making it more visually appealing and noticeable.","Dostosuj kolor karty opinii do swojej marki, sprawiając, że jest bardziej atrakcyjna wizualnie i widoczna."
"Tab Title","Tytuł karty"
"Set the title for the feedback tab, giving customers a clear call to action","Ustaw tytuł karty opinii, dając klientom jasne wezwanie do działania"
"Tab Position","Pozycja karty"
"Choose where the feedback tab is displayed on the screen, ensuring it's easily accessible","Wybierz, gdzie karta opinii jest wyświetlana na ekranie, aby była łatwo dostępna"
"Search Knowledge Base Topics first","Przeszukaj najpierw zawartość bazy wiedzy"
"Allow the feedback tab to suggest knowledge base topics before showing the form, helping reduce support ticket volume by guiding customers to self-help resources.","Pozwól karcie opinii sugerować tematy z bazy wiedzy przed wyświetleniem formularza, pomagając zmniejszyć liczbę zgłoszeń wsparcia poprzez kierowanie klientów do zasobów samopomocy."
"Form Fields","Pola formularza"
"Tailor the feedback submission forms to collect the right information from customers. This section lets you customize form fields and improve the accuracy of the information gathered from customers, enhancing the quality of support requests.","Dostosuj formularze opinii, aby zbierać właściwe informacje od klientów. Ta sekcja pozwala dostosować pola formularza i poprawić dokładność informacji zbieranych od klientów, zwiększając jakość próśb o wsparcie."
"Form Title","Tytuł formularza"
"Set a title for the feedback form to provide context and guide customers on what to expect.","Ustaw tytuł formularza opinii, aby zapewnić kontekst i pokierować klientów, czego mogą się spodziewać."
"Subject Title","Tytuł treści"
"Label the subject field to ensure customers provide a brief overview of their issue.","Oznacz pole tematu, aby klienci podawali krótki opis swojego problemu."
"Subject Placeholder","Treść zastępcza"
"Placeholder text displayed inside the subject input field that provides guidance on what kind of information the customer should enter.","Tekst zastępczy wyświetlany w polu tematu, który podpowiada, jakie informacje klient powinien wprowadzić."
"Description Title","Tytuł opisu"
"Label the description field to prompt customers to provide more details about their inquiry.","Oznacz pole opisu, aby zachęcić klientów do podania większej liczby szczegółów dotyczących ich zapytania."
"Description Placeholder","Opis zastępczy"
"Add helpful placeholder text to guide customers in providing relevant information.","Dodaj pomocny tekst zastępczy, aby pokierować klientów w dostarczaniu odpowiednich informacji."
"Allow customer to attach files","Zezwól klientowi na załączanie plików"
"Enables the option for customers to upload files (e.g., screenshots or documents) with their feedback or support request providing additional context or supporting materials for their issue.","Umożliwia klientom przesyłanie plików (np. zrzutów ekranu lub dokumentów) wraz z opinią lub prośbą o wsparcie, dostarczając dodatkowy kontekst lub materiały pomocnicze do ich problemu."
"Allow customers to select Priority","Pozwól klientom wybrać priorytet"
"Gives customers the ability to set the priority of their feedback or ticket that can help the support team to prioritize urgent requests over less critical ones.","Daje klientom możliwość ustawienia priorytetu swojej opinii lub zgłoszenia, co może pomóc zespołowi wsparcia w priorytetyzacji pilnych próśb przed mniej krytycznymi."
"Allow customer to select Department","Pozwól klientowi wybrać dział"
"Allows customers to choose the department their request should be sent to. This ensures that inquiries are routed to the correct team for faster handling.","Pozwala klientom wybrać dział, do którego ma trafić ich prośba. Dzięki temu zapytania są kierowane do właściwego zespołu w celu szybszej obsługi."
"Improve customer experience by integrating helpdesk functionality into the customer’s account. This section helps you enable features like tracking ticket status, prioritizing requests, and allowing file attachments, making the support process more user-friendly.","Popraw komfort klienta poprzez integrację funkcji helpdesku z kontem klienta. Ta sekcja pomaga włączyć funkcje takie jak śledzenie statusu zgłoszenia, priorytetyzacja próśb i umożliwianie załączania plików, czyniąc proces wsparcia bardziej przyjaznym dla użytkownika."
"Show the Help Desk section in the Customer Account","Pokaż sekcję Helpdesk na koncie klienta"
"Display a Help Desk section in the customer’s account, making it easy for customers to submit and track their support tickets directly from their account dashboard.","Wyświetl sekcję Helpdesk na koncie klienta, ułatwiając klientom przesyłanie i śledzenie zgłoszeń wsparcia bezpośrednio z pulpitu konta."
"Show Help Desk link in customer menu","Wyświetl łącze Helpdesk w menu klienta"
"Add a Help Desk link in the customer's dropdown menu for quick access to the support page, ensuring customers can easily find the help they need.","Dodaj łącze Helpdesk w rozwijanym menu klienta dla szybkiego dostępu do strony wsparcia, zapewniając, że klienci łatwo znajdą potrzebną pomoc."
"Let customers the ability to set the priority of the ticket that can help the support team to prioritize urgent requests over less critical ones.","Pozwól klientom ustawiać priorytet zgłoszenia, co może pomóc zespołowi wsparcia w priorytetyzacji pilnych próśb przed mniej krytycznymi."
"Allow customer to select Order","Zezwalaj klientowi na wybrór Zamówienie"
"Allows customers to link their support tickets to particular orders they have placed, helping support staff to address issues more efficiently.","Pozwala klientom powiązać swoje zgłoszenia wsparcia z konkretnymi zamówieniami, pomagając obsłudze skuteczniej rozwiązywać problemy."
"When enabled, customers can upload files with their ticket submissions, providing additional context or supporting materials for their issue.","Po włączeniu klienci mogą przesyłać pliki wraz ze swoimi zgłoszeniami, dostarczając dodatkowy kontekst lub materiały pomocnicze do ich problemu."
"Customer Satisfaction Survey","Ankieta zadowolenia klienta"
"Gain valuable insights into customer satisfaction with your support. This section allows you to include surveys in your communications and view the results, helping you continually improve your service based on real feedback.","Uzyskaj cenne informacje o zadowoleniu klientów z Twojego wsparcia. Ta sekcja pozwala dołączać ankiety do komunikacji i przeglądać wyniki, pomagając stale ulepszać usługę na podstawie prawdziwych opinii."
"Include a satisfaction survey in the reply email from staff members","Dołącz ankietę zadowolenia w odpowiedziach od obsługi"
"Automatically include a satisfaction survey in staff reply emails to encourage feedback and measure customer satisfaction with the support they received.","Automatycznie dołączaj ankietę zadowolenia do e-maili z odpowiedziami obsługi, aby zachęcać do opinii i mierzyć zadowolenie klientów z otrzymanego wsparcia."
"Show survey results in the frontend ticket history","Pokaż wyniki ankiety w historii zgłoszeń po stronie klienta"
"Allow customers to view their survey ratings in the ticket history within their account, giving them transparency on how they rated their interaction with support.","Pozwól klientom przeglądać ich oceny ankietowe w historii zgłoszeń na ich koncie, zapewniając przejrzystość ocen interakcji ze wsparciem."
"Show survey results in the backend ticket history","Pokaż wyniki ankiety w historii zgłoszeń"
"Provide support staff access to customer satisfaction ratings in the backend, allowing them to review and address feedback for service improvement.","Zapewnij obsłudze dostęp do ocen zadowolenia klientów w backendzie, umożliwiając przeglądanie i reagowanie na opinie w celu poprawy obsługi."
"Send survey results to the ticket owner","Wyślij wyniki ankiety do właściciela zgłoszenia"
"Notify the assigned staff member when a customer submits a satisfaction survey, giving them the opportunity to review their performance.","Powiadom przypisanego pracownika obsługi, gdy klient prześle ankietę zadowolenia, dając mu możliwość oceny swojej pracy."
"Send survey results to emails","Wyślij wyniki ankiety na e-maile"
"Automatically send customer satisfaction survey results to designated email addresses (e.g., managers) for analysis and performance tracking. You can enter multiple emails separated by a comma.","Automatycznie wysyłaj wyniki ankiet zadowolenia klientów na wskazane adresy e-mail (np. menedżerów) w celu analizy i śledzenia wydajności. Możesz wprowadzić wiele adresów e-mail oddzielonych przecinkami."
"Email Notification Settings","Ustawienia powiadomień e-mail"
"Ensure efficient communication between your support team and customers by configuring how and when email notifications are sent. This section helps automate key touchpoints, keeping all parties informed about ticket statuses.","Zapewnij skuteczną komunikację między zespołem wsparcia a klientami, konfigurując sposób i czas wysyłania powiadomień e-mail. Ta sekcja pomaga zautomatyzować kluczowe punkty kontaktu, informując wszystkie strony o statusach zgłoszeń."
"Show Ticket ID in the email title","Pokaż identyfikator zgłoszenia w tytule wiadomości e-mail"
"Include the ticket ID in the subject line of helpdesk-related emails, making it easy for both customers and staff to reference specific tickets in ongoing conversations.","Dołącz ID zgłoszenia do tematu wiadomości e-mail związanych z helpdeskiem, ułatwiając zarówno klientom, jak i obsłudze odwoływanie się do konkretnych zgłoszeń w trwających konwersacjach."
"Add customers Cc emails to the ticket","Dodaj adresy Cc klientów do zgłoszenia"
"When enabled will automatically add additional email recipients (Cc) to the ticket from the fetched email. If option is enabled spam Cc email are possible.","Po włączeniu automatycznie doda dodatkowych odbiorców (Cc) do zgłoszenia z pobranego e-maila. Jeśli opcja jest włączona, możliwy jest spam w polu Cc."
"Number of last replies to be shown in the ticket history","Liczba ostatnich odpowiedzi do wyświetlenia w historii zgłoszeń"
"Control how many recent replies are displayed in the ticket history within email notifications, providing context without overwhelming the recipient with too much information.","Kontroluj, ile ostatnich odpowiedzi jest wyświetlanych w historii zgłoszenia w powiadomieniach e-mail, zapewniając kontekst bez przytłaczania odbiorcy nadmiarem informacji."
"Email Notification Templates","Szablony powiadomień e-mail"
"Streamline your email communication with customers and staff by setting notification templates. This section ensures that each email interaction is consistent and professional, keeping everyone aligned with support activities.","Usprawnij komunikację e-mailową z klientami i obsługą, ustawiając szablony powiadomień. Ta sekcja zapewnia, że każda interakcja e-mailowa jest spójna i profesjonalna, utrzymując wszystkich w zgodzie z działaniami wsparcia."
"Template of New Ticket Email for Customer","Szablon nowego e-maila ze zgłoszeniem dla klienta"
"Set the email template that notifies customers when a new ticket is created, ensuring consistent branding and communication.","Ustaw szablon e-maila powiadamiający klientów o utworzeniu nowego zgłoszenia, zapewniając spójność marki i komunikacji."
"Template of New Ticket Email for Staff","Szablon nowego e-maila ze zgłoszeniem dla obsługi"
"Set the template for the email notifying staff about new tickets, ensuring timely alerts and a professional look.","Ustaw szablon e-maila powiadamiający obsługę o nowych zgłoszeniach, zapewniając terminowe alerty i profesjonalny wygląd."
"Template of Ticket Email Assigned to Staff","Szablon e-maila ze zgłoszeniem przypisanym do obsługi"
"Set the email template used when a ticket is assigned to a staff member, ensuring they are informed of their new task promptly.","Ustaw szablon e-maila używany przy przypisywaniu zgłoszenia do pracownika, zapewniając, że zostanie on niezwłocznie poinformowany o nowym zadaniu."
"Template of New Message Email for Customer","Szablon nowej wiadomości e-mail dla klienta"
"Set the template for emails that update customers when a new message is posted to their ticket, ensuring they stay informed about progress.","Ustaw szablon e-maili informujących klientów o nowej wiadomości w ich zgłoszeniu, zapewniając, że pozostają na bieżąco z postępami."
"Template of New Message Email for Staff","Szablon nowej wiadomości e-mail dla obsługi"
"Set the template to alert staff when a customer responds, ensuring timely follow-ups.","Ustaw szablon powiadamiający obsługę o odpowiedzi klienta, zapewniając terminowe działania następcze."
"Template of New Message Email for Third Party","Szablon nowej wiadomości e-mail dla strony trzeciej"
"Set the template for notifying third-party collaborators, ensuring external stakeholders stay updated on the ticket progress.","Ustaw szablon powiadamiający współpracowników zewnętrznych, zapewniając, że zewnętrzni interesariusze są na bieżąco z postępami zgłoszenia."
"Template of Ticket Reminder","Szablon przypomnienia o zgłoszeniu"
"Set the template for reminder emails, prompting customers to follow up on unresolved tickets.","Ustaw szablon e-maili przypominających, zachęcający klientów do podjęcia działań w sprawie nierozwiązanych zgłoszeń."
"Template of Rule Notification","Szablon powiadomienia o regułach"
"Set a rule-specific template for automated emails sent via helpdesk workflow rules, ensuring consistency in communications.","Ustaw szablon specyficzny dla reguły dla automatycznych wiadomości e-mail wysyłanych przez reguły przepływu pracy helpdesku, zapewniając spójność komunikacji."
"Template of Survey Satisfaction Result","Szablon wyniku ankiety zadowolenia"
"Set the template used to send staff survey feedback results, providing insights into customer satisfaction.","Ustaw szablon używany do wysyłania pracownikom wyników opinii ankietowych, dostarczając wglądu w zadowolenie klientów."
"Desktop Notification Settings","Ustawienia powiadomień pulpitu"
"Keep your staff informed in real time with desktop notifications about new tickets and updates. This section enables instant awareness of new tasks, helping the support team act quickly and stay organized.","Informuj obsługę w czasie rzeczywistym za pomocą powiadomień pulpitu o nowych zgłoszeniach i aktualizacjach. Ta sekcja umożliwia natychmiastową świadomość nowych zadań, pomagając zespołowi wsparcia działać szybko i pozostać zorganizowanym."
"Notifications check period, sec","Czas sprawdzania powiadomień, sek"
"On heavy-loaded systems, this can cause production loss - so in this case, you need to disable this feature, or increase the check period to 500-600 secs. Setting to 0 will disable them.","W mocno obciążonych systemach może to powodować spadek wydajności - w takim przypadku należy wyłączyć tę funkcję lub zwiększyć okres sprawdzania do 500-600 sekund. Ustawienie 0 wyłączy je."
"Adjusting the frequency helps staff stay updated in real-time, ensuring timely follow-ups.","Dostosowanie częstotliwości pomaga obsłudze pozostać na bieżąco w czasie rzeczywistym, zapewniając terminowe działania następcze."
"Show notification about arrival of new tickets for","Pokaż powiadomienie o nadejściu nowych zgłoszeń dla"
"Allows you to specify which users should receive notifications about the arrival of new tickets, ensuring the right team members are alerted promptly.","Pozwala określić, którzy użytkownicy powinni otrzymywać powiadomienia o nadejściu nowych zgłoszeń, zapewniając, że właściwi członkowie zespołu są niezwłocznie powiadamiani."
"Enable notification about arrival of new messages in tickets assigned for user","Włącz powiadomienia o nadejściu nowych wiadomości w zgłoszeniach przypisanych do użytkownika"
"Notifies users about a new message is added to any ticket that they are assigned to, helping them stay informed on ticket updates.","Powiadamia użytkowników o dodaniu nowej wiadomości do dowolnego zgłoszenia, do którego są przypisani, pomagając im pozostać na bieżąco z aktualizacjami zgłoszeń."
"Enable notification about assigning a ticket to the user","Włącz powiadomienia o przypisaniu zgłoszenia do użytkownika"
"Sends a notification to users when a ticket is assigned to them, ensuring they are aware of their new responsibilities.","Wysyła powiadomienie do użytkowników, gdy zgłoszenie zostanie im przypisane, zapewniając, że są świadomi nowych obowiązków."
"Set clear expectations for customers by displaying your business hours. This section helps customers know when they can expect support availability, enhancing the overall customer experience and ensuring timely responses.","Ustaw jasne oczekiwania dla klientów, wyświetlając godziny pracy. Ta sekcja pomaga klientom wiedzieć, kiedy mogą oczekiwać dostępności wsparcia, poprawiając ogólny komfort klienta i zapewniając terminowe odpowiedzi."
"Working schedule title","Tytuł harmonogramu pracy"
"Customize the title for the working hours section on the 'Contact Us' page, ensuring customers know when your team is available.","Dostosuj tytuł sekcji godzin pracy na stronie „Skontaktuj się z nami”, aby klienci wiedzieli, kiedy Twój zespół jest dostępny."
"Upcoming working schedule title","Tytuł nadchodzącego harmonogramu pracy"
"Add a title for upcoming business hours, providing customers with clear information on future availability.","Dodaj tytuł dla nadchodzących godzin pracy, dostarczając klientom jasnych informacji o przyszłej dostępności."
"Default message when we are open","Domyślna wiadomość w godzinach pracy"
"Can be overwritten for each schedule in Customers > Help Desk MX > Working Hours.  This allows you to provide customized messages for different time periods or scenarios, depending on the specific schedule of your support team.","Może zostać nadpisane dla każdego harmonogramu w Klienci > Help Desk MX > Godziny pracy. Pozwala to dostarczać dostosowane komunikaty dla różnych okresów lub scenariuszy, w zależności od konkretnego harmonogramu zespołu wsparcia."
"Set a default message to display when the helpdesk is open, encouraging customers to reach out during business hours.","Ustaw domyślny komunikat wyświetlany, gdy helpdesk jest otwarty, zachęcając klientów do kontaktu w godzinach pracy."
"Default message when we are closed","Domyślna wiadomość przy zakończeniu pracy"
"Define the message displayed when the helpdesk is closed managing customer expectations during off-hours.","Zdefiniuj komunikat wyświetlany, gdy helpdesk jest zamknięty, zarządzając oczekiwaniami klientów poza godzinami pracy."
"Show online/offline status on the Contact Us page","Pokaż status online/offline na stronie Skontaktuj się z nami"
"Display the status on the Contact Us page that can help manage customer expectations about when support is available.","Wyświetl status na stronie Skontaktuj się z nami, co pomoże zarządzać oczekiwaniami klientów dotyczącymi dostępności wsparcia."
"Show online/offline status in the Feedback popup","Pokaż stan online/offline w wyskakującym okienku opinii"
"Display the status in the Feedback popup that can be useful for informing customers about availability before submitting a request or feedback.","Wyświetl status w wyskakującym okienku opinii, co może być przydatne do informowania klientów o dostępności przed wysłaniem prośby lub opinii."
"Show online/offline status in the Customer Account > My Tickets","Pokaż status online/offline na koncie klienta > Moje zgłoszenia"
"Display the status in the My Tickets section of the customer's account. This help customers know whether they can expect a prompt response to their support ticket.","Wyświetl status w sekcji Moje zgłoszenia na koncie klienta. Pomaga to klientom wiedzieć, czy mogą oczekiwać szybkiej odpowiedzi na zgłoszenie wsparcia."
"Show working hours on the Contact Us page","Pokaż godziny pracy na stronie Skontaktuj się z nami"
"Display the status on the Contact Us page to give customers a clear idea of when you are available for support","Wyświetl status na stronie Skontaktuj się z nami, aby klienci mieli jasny obraz tego, kiedy jesteś dostępny dla wsparcia"
"Show holiday schedule in X days before activation","Pokaż harmonogram urlopów X dni wcześniej"
"Specifies how many days in advance your holiday schedule will be displayed to customers to ensure that customers are informed about upcoming holiday hours before they take effect","Określa, na ile dni przed wprowadzeniem w życie harmonogram świąteczny będzie wyświetlany klientom, aby zapewnić, że klienci są informowani o nadchodzących godzinach świątecznych"
"Track the performance of your helpdesk with reporting on solved tickets. This section allows you to define which ticket statuses are considered solved, helping you monitor team efficiency and customer service success.","Śledź wydajność swojego helpdesku dzięki raportowaniu rozwiązanych zgłoszeń. Ta sekcja pozwala zdefiniować, które statusy zgłoszeń są uznawane za rozwiązane, pomagając monitorować wydajność zespołu i sukces obsługi klienta."
"Solved Statuses","Rozwiązane statusy"
"Developer Settings","Ustawienia programisty"
"Optimize the technical aspects of the helpdesk system with developer-specific options. This section helps in testing, debugging, and customizing the module to suit your website's infrastructure without disrupting live operations.","Optymalizuj techniczne aspekty systemu helpdesk za pomocą opcji dla programistów. Ta sekcja pomaga w testowaniu, debugowaniu i dostosowywaniu modułu do infrastruktury Twojej strony bez zakłócania bieżącej pracy."
"Activate Sandbox","Aktywuj piaskownicę (Sandbox)"
"Enable sandbox mode to test the helpdesk system without affecting live data. All emails will be redirected to the sandbox email, preventing disruptions to real customer interactions.","Włącz tryb piaskownicy, aby testować system helpdesk bez wpływu na dane produkcyjne. Wszystkie e-maile będą przekierowywane na adres piaskownicy, zapobiegając zakłóceniom rzeczywistych interakcji z klientami."
"Send All Outgoing emails to Email","Wyślij wszystkie wychodzące wiadomości na e-mail"
"Set an email address to receive all outgoing emails in sandbox mode, ensuring a controlled environment for testing email templates and notifications.","Ustaw adres e-mail, na który będą wysyłane wszystkie wychodzące wiadomości w trybie piaskownicy, zapewniając kontrolowane środowisko do testowania szablonów e-mail i powiadomień."
"Force store's theme to apply styles","Wymuś zastosowanie stylów w motywie sklepu"
"If theme overrides Magento way of including style this option will add Help Desk styles to page","Jeśli motyw nadpisuje sposób dołączania stylów Magento, ta opcja doda style Help Desk do strony"
"Log ticket deletion","Monitoruj usuwanie zgłoszeń"
"Keep a log of deleted tickets to track deletions and maintain a record for audit or recovery purposes, stored in the /var/log/mirasvit/helpdesk.log file.","Prowadź dziennik usuniętych zgłoszeń, aby śledzić usunięcia i zachować rejestr na potrzeby audytu lub odzyskiwania, przechowywany w pliku /var/log/mirasvit/helpdesk.log."
"Help Text","Tekst pomocy"
"Add customizable help text that appears under the title on the 'Contact Us' page and Feedback tab, providing customers with clear guidance on how to submit a support request.","Dodaj konfigurowalny tekst pomocy, który pojawia się pod tytułem na stronie „Skontaktuj się z nami” i karcie opinii, dostarczając klientom jasnych wskazówek, jak przesłać prośbę o wsparcie."
"Show customer the local time in backend","Pokaż czas lokalny klienta w backend"
"Display the customer’s local time in the backend to help support staff understand when the customer submitted the ticket, providing context for time-sensitive issues.","Wyświetlaj lokalny czas klienta w backendzie, aby pomóc obsłudze zrozumieć, kiedy klient przesłał zgłoszenie, dostarczając kontekst dla spraw zależnych od czasu."
"Enable Google reCaptcha","Włącz Google reCaptcha"
"Activate Google reCaptcha on Helpdesk pages to prevent spam and bots from submitting fraudulent tickets. Configuration for reCaptcha settings is available in Configuration > Security > Google reCaptcha.","Aktywuj Google reCaptcha na stronach Helpdesk, aby zapobiec wysyłaniu fałszywych zgłoszeń przez spam i boty. Konfiguracja ustawień reCaptcha jest dostępna w Konfiguracja > Bezpieczeństwo > Google reCaptcha."
"Helpdesk Contact Form","Formularz kontaktowy Helpdesku"
"Helpdesk Satisfaction Block","Blok zadowolenia z obsługi zgłoszeń"
"Satisfaction List Url","Adres URL do listy zadowolenia"
"Helpdesk Satisfaction List","Lista zadowolenia z obsługi zgłoszeń"
"All Store Views","Wszystkie widoki Sklepu"
"Purchased From","Zakupiony od"
"Replies #","Odpowiedzi #"
"Created","Utworzony"
"Modified","Zmodyfikowano"
"Title","Tytuł"
"Active","Aktywny"
"Is Shown on Frontend","Jest widoczny dla klienta"
"Sort Order","Kolejność sortowania"
"Sender Email","Email nadawcy"
"Members of Department","Członkowie działu"
"Notification","Powiadomienie"
"If ticket is unassigned, send notifications to all department members","Jeśli zgłoszenie nie jest przypisane, wyślij powiadomienia do wszystkich członków działu"
"If ticket is unassigned, send notifications to email","Jeśli zgłoszenie nie jest przypisane, wyślij powiadomienia na e-mail"
"Code","Kod"
"Internal field. Can contain only letters, digits and underscore.","Pole wewnętrzne. Może zawierać tylko litery, cyfry i podkreślenia."
"Type","Typ"
"Description","Opis"
"Options list","Lista opcji"
"Only for drop-down list. Enter each value from the new line using format:<br>value1 | label1<br>value2 | label2","Tylko dla listy rozwijanej. Wprowadź każdą wartość w nowej linii w formacie:<br>wartość1 | etykieta1<br>wartość2 | etykieta2"
"Show value in customer account","Pokaż wartość na koncie klienta"
"Show in create ticket form","Pokaż w formularzu tworzenia zgłoszenia"
"Show in contact us form","Pokaż w formularzu kontaktowym"
"Required for customers","Wymagane dla klientów"
"Required for staff","Wymagane dla obsługi"
"Authorization Type","Typ autoryzacji"
"OAuth2 Client ID","OAuth2 Client ID"
"OAuth2 Client Secret","OAuth2 Client Secret"
"OAuth2 Redirect URI","OAuth2 Redirect URI"
"Use this URL when configuring OAuth2 credentials in Google Cloud Console","Użyj tego adresu URL podczas konfigurowania poświadczeń OAuth2 w Google Cloud Console"
"Gmail Connection","Połączenie Gmail"
"Connection Status","Status połączenia"
"Login","Login"
"Password","Hasło"
"Host","Host"
"Protocol","Protokół"
"Encryption","Szyfrowanie"
"Port","Port"
"Fetch Frequency (minutes)","Częstotliwość pobierania (minuty)"
"Fetch Max","Pobieraj maksymalnie"
"Fetch Only X Last Emails","Pobierz tylko x ostatnich e-maili"
"Can be useful for some mailboxes. Leave empty to disable this feature.","Może być przydatne dla niektórych skrzynek. Pozostaw puste, aby wyłączyć tę funkcję."
"Remove emails after fetching","Usuwaj e-maile po pobraniu"
"Auto-assign tickets to Store View","Automatyczne przypisywanie zgłoszeń do widoku sklepu"
"Auto-assign tickets to department","Automatyczne przypisywanie zgłoszeń do działu"
"Notes","Uwagi"
"Create New Department","Utwórz nowy dział"
"Change status","Zmień status"
"Inactive","Nieaktywny"
"Delete items","Usuń elementy"
"Are you sure you want to delete selected items?","Czy na pewno chcesz usunąć wybrane elementy?"
"Is Active","Jest aktywny"
"Create New Field","Utwórz nowe pole"
"Create New Gateway","Utwórz nową bramkę"
"Last Fetched At","Ostatnio pobrano o"
"Last Fetch Result","Wynik ostatniego pobrania"
"Create New Pattern","Utwórz nowy wzór"
"Create New Permission","Utwórz nowe uprawnienie"
"Role","Rola"
"Has Access to Tickets of Departments","Ma dostęp do zgłoszeń oddziałów"
"Can Remove Tickets","Może usuwać zgłoszenia"
"Create New Priority","Utwórz nowy priorytet"
"Color","Kolor"
"Create New Rule","Utwórz nową regułę"
"Stop Processing","Zatrzymaj przetwarzanie"
"Remote Ip","Zdalny IP"
"View Ticket","Wyświetl zgłoszenie"
"Create New Schedule","Utwórz nowy harmonogram"
"Holiday","Urlop"
"Active From","Aktywny od"
"Active To","Aktywny do"
"Create New Status","Utwórz nowy status"
"Create New Template","Utwórz nowy szablon"
"Select...","Wybierz ..."
"Mark as Spam","Oznacz jako spam"
"Mark as Archive","Oznacz jako archiwum"
"Merge tickets","Połącz zgłoszenia"
"Mark as Inbox","Oznacz jako skrzynkę odbiorczą"
"Change Assignee","Przypisz do"
"Requester","Stworzone przez"
"Requester Email","E-mail autora"
"Scope","Zakres"
"If one of these characters uses as part of the string it should be escaped with \(backslash ): . \ + * ? [ ^ ] $ ( ) { } = ! < > | : - #. The pattern should be enclosed by delimiters.","Jeśli któryś z tych znaków jest używany jako część ciągu, należy go poprzedzić znakiem \(ukośnik wsteczny): . \ + * ? [ ^ ] $ ( ) { } = ! < > | : - #. Wzorzec powinien być otoczony separatorami."
"Allows access to tickets of departments","Zezwala na dostęp do zgłoszeń działów"
"Can Delete Tickets","Może usuwać bilety"
"Rule Name","Nazwa reguły"
"Arranged in the ascending order. 0 is the highest.","Ułożone w kolejności rosnącej. 0 jest najwyższe."
"Stop Further Rules Processing","Zatrzymaj dalsze przetwarzanie reguł"
"Conditions","Warunki"
"Event","Wydarzenie"
"Actions","Akcje"
"Set Status","Ustaw status"
"Set Priority","Ustaw priorytet"
"Set Department","Ustaw dział"
"Set Owner","Przydziel do"
"Add Tags","Dodaj tagi"
"Remove Tags","Usuń tagi"
"Notifications","Powiadomienia"
"Send email to ticket owner","Wyślij e-mail do zarządzającego zgłoszeniem"
"Send email to all department users","Wyślij e-mail do wszystkich użytkowników działu"
"Send email to customer","Wyślij e-mail do klienta"
"Send email to other email addresses","Wyślij wiadomość na inne adresy e-mail"
"Email subject","Temat wiadomości e-mail"
"Email Body","Treść wiadomości e-mail"
"Attach files previously attached to the last message","Załącz pliki dołączone wcześniej do ostatniej wiadomości"
"Stores","Sklepy"
"Is Holiday","Oznacz jako urlop"
"Timezone","Strefa czasowa"
"Open message","Wiadomość w godzinach pracy"
"Closed message","Wiadomość po godzinach pracy"
"Internal Title","Tytuł wewnętrzny"
"Template","Szablon"
"Request ID","ID"
"OAuth2 (Microsoft 365 / Exchange Online)","OAuth2 (Microsoft 365 / Exchange Online)"
"Microsoft Directory (tenant) ID","Identyfikator katalogu Microsoft (tenant)"
"Azure AD Directory (tenant) ID, from the Azure App registration Overview page. Leave empty to use ""common"".","Identyfikator katalogu Azure AD (tenant) ze strony Overview rejestracji aplikacji w Azure. Pozostaw puste, aby użyć ""common""."
"Register this URL as the redirect URI in your OAuth2 app (Google Cloud Console for Gmail, or the Azure App Registration for Microsoft 365 / Exchange Online).","Zarejestruj ten adres URL jako redirect URI w swojej aplikacji OAuth2 (Google Cloud Console dla Gmaila lub Azure App Registration dla Microsoft 365 / Exchange Online)."
"Mailbox Connection","Połączenie skrzynki pocztowej"
"Connect Mailbox","Połącz skrzynkę pocztową"
"Click this button to authorize mailbox access via OAuth2","Kliknij ten przycisk, aby autoryzować dostęp do skrzynki pocztowej przez OAuth2"
"Successfully connected the mailbox!","Pomyślnie połączono skrzynkę pocztową!"
"Gateway was successfully saved. Please click ""Connect"" to authorize the mailbox.","Brama została pomyślnie zapisana. Kliknij ""Connect"", aby autoryzować skrzynkę pocztową."
"Please save the gateway first before connecting the mailbox.","Najpierw zapisz bramę przed połączeniem skrzynki pocztowej."
"How to obtain Gmail OAuth2 credentials","Jak uzyskać poświadczenia OAuth2 dla Gmaila"
"Open the Google Cloud Console and create (or pick) a project.","Otwórz Google Cloud Console i utwórz (lub wybierz) projekt."
"Go to APIs & Services then Credentials, click Create Credentials and choose OAuth client ID (application type: Web application).","Przejdź do APIs & Services, a następnie Credentials, kliknij Create Credentials i wybierz OAuth client ID (typ aplikacji: Web application)."
"Open Google Cloud Console Credentials","Otwórz Google Cloud Console Credentials"
"Add the OAuth2 Redirect URI shown below to the Authorized redirect URIs list.","Dodaj pokazany poniżej OAuth2 Redirect URI do listy Authorized redirect URIs."
"On the OAuth consent screen add the gmail.modify and userinfo.email scopes, then copy the generated Client ID and Client Secret into the fields below.","Na OAuth consent screen dodaj zakresy gmail.modify i userinfo.email, a następnie skopiuj wygenerowane Client ID i Client Secret do pól poniżej."
"Open OAuth consent screen","Otwórz OAuth consent screen"
"How to obtain Microsoft 365 / Exchange Online OAuth2 credentials","Jak uzyskać poświadczenia OAuth2 dla Microsoft 365 / Exchange Online"
"Open the Azure portal and go to App registrations, then register a new application (supported account types as your tenant requires).","Otwórz portal Azure i przejdź do App registrations, a następnie zarejestruj nową aplikację (obsługiwane typy kont zgodnie z wymaganiami Twojego tenanta)."
"Open Azure App registrations","Otwórz Azure App registrations"
"Copy the Application (client) ID and the Directory (tenant) ID from the app Overview page into the fields below (leave tenant empty to use common).","Skopiuj Application (client) ID i Directory (tenant) ID ze strony Overview aplikacji do pól poniżej (pozostaw tenant pusty, aby użyć common)."
"Under Certificates & secrets create a new client secret and copy its Value into the OAuth2 Client Secret field below.","W Certificates & secrets utwórz nowy client secret i skopiuj jego Value do pola OAuth2 Client Secret poniżej."
"Under Authentication add a Web platform and register the OAuth2 Redirect URI shown below exactly as displayed.","W Authentication dodaj platformę Web i zarejestruj pokazany poniżej OAuth2 Redirect URI dokładnie tak, jak jest wyświetlany."
"Under API permissions add the delegated Office 365 Exchange Online IMAP.AccessAsUser.All and offline_access permissions, then grant admin consent.","W API permissions dodaj delegowane uprawnienia Office 365 Exchange Online IMAP.AccessAsUser.All i offline_access, a następnie udziel zgody administratora."
"For Gmail: the OAuth client ID from Google Cloud Console (APIs & Services then Credentials). For Microsoft 365: the Application (client) ID from the Azure App registration Overview page. See the steps above.","Dla Gmaila: OAuth client ID z Google Cloud Console (APIs & Services, a następnie Credentials). Dla Microsoft 365: Application (client) ID ze strony Overview rejestracji aplikacji w Azure. Zobacz kroki powyżej."
"For Gmail: the client secret created alongside the OAuth client ID in Google Cloud Console. For Microsoft 365: the client secret Value from Certificates & secrets in the Azure App registration. See the steps above.","Dla Gmaila: client secret utworzony razem z OAuth client ID w Google Cloud Console. Dla Microsoft 365: Value client secretu z Certificates & secrets w rejestracji aplikacji w Azure. Zobacz kroki powyżej."
