"Help Desk Tickets (%1)","Tickets do Help Desk (%1)"
"Departments","Departamentos"
"Add New Department","Adicionar Novo Departamento"
"Custom Fields","Campos Personalizados"
"Add New Field","Adicionar Novo Campo"
"Gateways","Gateways"
"Add New Gateway","Adicionar Novo Gateway"
"Tickets","Tickets"
"Priorities","Prioridades"
"Statuses","Status"
"Quick Responses","Respostas Rápidas"
"SPAM patterns","Padrões de SPAM"
"Permissions","Permissões"
"Workflow Rules","Regras de Fluxo de Trabalho"
"Satisfaction Survey Results","Resultados da Pesquisa de Satisfação"
"Working Hours","Horário de Funcionamento"
"Reports","Relatórios"
"Refresh Statistics","Atualizar Estatísticas"
"Settings","Configurações"
"Spam Filter Patterns","Padrões do Filtro de Spam"
"Add New Pattern","Adicionar Novo Padrão"
"Add New Permission","Adicionar Nova Permissão"
"Add New Priority","Adicionar Nova Prioridade"
"Add New Rule","Adicionar Nova Regra"
"Apply the rule only if the following conditions are met:","Aplicar a regra apenas se as seguintes condições forem atendidas:"
"Help Desk Tickets","Tickets do Help Desk"
"Create a ticket for this order","Criar um ticket para este pedido"
"Satisfaction Survey","Pesquisa de Satisfação"
"Schedule","Agenda"
"Add New Schedule","Adicionar Nova Agenda"
"General Information","Informações Gerais"
"Working days/hours","Dias/horas de trabalho"
"Spam Folder","Pasta de Spam"
"Add New Status","Adicionar Novo Status"
"Add New Template","Adicionar Novo Template"
"Create New Ticket","Criar Novo Ticket"
"Previous Ticket","Ticket Anterior"
"Next Ticket","Próximo Ticket"
"Convert to RMA","Converter em RMA"
"Save","Salvar"
"Save & Edit","Salvar e Editar"
"To Archive","Para o Arquivo"
"To Spam","Para Spam"
"Delete","Excluir"
"Are you sure you want to do this?","Tem certeza de que deseja fazer isso?"
"To Inbox","Para a Caixa de Entrada"
"Additional Information","Informações Adicionais"
"Subject","Assunto"
"Store View","Visão da Loja"
"Channel","Canal"
"open page","abrir página"
"External Link","Link Externo"
"Tags","Tags"
"comma-separated list","lista separada por vírgulas"
"Customer Note","Nota do Cliente"
"This field is shared for all of this customer's tickets.","Este campo é compartilhado entre todos os tickets deste cliente."
"Follow Up","Acompanhamento"
"Period","Período"
"Period Value","Valor do Período"
"Execute At","Executar em"
"Send Reminder","Enviar Lembrete"
"Set Status To","Definir Status como"
"Set Priority To","Definir Prioridade como"
"Set Owner To","Definir Responsável como"
"Unassigned","Não atribuído"
"Loading...","Carregando..."
"%1, %2","%1, %2"
"Select a store","Selecione uma loja"
"Store","Loja"
"General","Geral"
"Additional","Adicional"
"Other Tickets (%1)","Outros Tickets (%1)"
"ID","ID"
"Customer Name","Nome do Cliente"
"Last Replier","Último Respondente"
"Owner","Responsável"
"Department","Departamento"
"Status","Status"
"Priority","Prioridade"
"Replies","Respostas"
"Created At","Criado em"
"Updated At","Atualizado em"
"Last Reply At","Última Resposta em"
"Last Activity","Última Atividade"
"Action","Ação"
"View","Visualizar"
"Change Status","Alterar Status"
"Change Owner","Alterar Responsável"
"Merge","Mesclar"
"Are you sure you want to proceed? This action is not reversible.","Tem certeza de que deseja continuar? Esta ação não é reversível."
"Archive","Arquivar"
"Are you sure?","Tem certeza?"
"Mark as spam","Marcar como spam"
"Add Ticket","Adicionar Ticket"
"Help Desk","Help Desk"
"Help Desk Settings","Configurações do Help Desk"
"Signature for Emails","Assinatura para E-mails"
"Thank you","Obrigado"
"Processing Rate","Processando avaliação"
"Create Ticket","Criar Ticket"
"[%1] %2","[%1] %2"
"You are not allowed to add the message to the current ticket as it is locked. To contact support team you should create a new ticket.","Você não tem permissão para adicionar mensagens ao ticket atual, pois ele está bloqueado. Para entrar em contato com a equipe de suporte, crie um novo ticket."
"--/--/--","--/--/--"
"unlocked","desbloqueado"
"locked","bloqueado"
"New Department","Novo Departamento"
"Department  Manager","Gerenciador de Departamento"
"Department Manager","Gerenciador de Departamento"
"Add Department","Adicionar Departamento"
"Department was successfully deleted","Departamento excluído com sucesso"
"Edit Department '%1'","Editar Departamento '%1'"
"Edit Department","Editar Departamento"
"The Department does not exist.","O Departamento não existe."
"Department was successfully saved","Departamento salvo com sucesso"
"Unable to find Department to save","Não foi possível encontrar o Departamento para salvar"
"Wrong request.","Solicitação inválida."
"This ticket does not exist anymore.","Este ticket não existe mais."
"New Field","Novo Campo"
"Field  Manager","Gerenciador de Campos"
"Field Manager","Gerenciador de Campos"
"Add Field","Adicionar Campo"
"Field was successfully deleted","Campo excluído com sucesso"
"Edit Field '%1'","Editar Campo '%1'"
"Edit Field","Editar Campo"
"The Field does not exist.","O Campo não existe."
"Field with the same code already exists","Já existe um Campo com o mesmo código"
"Field was successfully saved","Campo salvo com sucesso"
"Unable to find Field to save","Não foi possível encontrar o Campo para salvar"
"Please, ask your hosting provider to enable the IMAP extension in PHP configuration of your server. Otherwise, helpdesk will not be able to fetch emails.","Solicite ao seu provedor de hospedagem que habilite a extensão IMAP na configuração do PHP do servidor. Caso contrário, o helpdesk não conseguirá buscar e-mails."
"New Gateway","Novo Gateway"
"Gateway  Manager","Gerenciador de Gateway"
"Gateway Manager","Gerenciador de Gateway"
"Add Gateway","Adicionar Gateway"
"done","concluído"
"Gateway was successfully deleted","Gateway excluído com sucesso"
"Edit Gateway '%1'","Editar Gateway '%1'"
"Edit Gateway","Editar Gateway"
"The Gateway does not exist.","O Gateway não existe."
"OAuth2 authorization failed: %1","A autorização OAuth2 falhou: %1"
"Invalid OAuth2 callback parameters.","Parâmetros de callback OAuth2 inválidos."
"Invalid state parameter.","Parâmetro state inválido."
"CSRF token validation failed.","A validação do token CSRF falhou."
"Gateway not found.","Gateway não encontrado."
"Connected","Conectado"
"Connected to %1","Conectado a %1"
"No email connected","Nenhum e-mail conectado"
"Successfully connected to Gmail!","Conectado ao Gmail com sucesso!"
"Failed to obtain access token.","Falha ao obter o token de acesso."
"OAuth2 token exchange failed: %1","A troca de token OAuth2 falhou: %1"
"Gateway ID is required.","O ID do Gateway é obrigatório."
"Please configure OAuth2 Client ID and Secret first.","Configure primeiro o Client ID e o Secret do OAuth2."
"Gateway was successfully saved. Please click ""Connect to Gmail"" to authorize.","Gateway salvo com sucesso. Clique em ""Conectar ao Gmail"" para autorizar."
"Gateway was successfully saved. Connection has been established.","Gateway salvo com sucesso. A conexão foi estabelecida."
"Unable to find Gateway to save","Não foi possível encontrar o Gateway para salvar"
"A total of %1 record(s) have been updated.","Um total de %1 registro(s) foi atualizado."
"A total of %1 record(s) have been deleted.","Um total de %1 registro(s) foi excluído."
"New Pattern","Novo Padrão"
"Pattern  Manager","Gerenciador de Padrões"
"Pattern Manager","Gerenciador de Padrões"
"Add Pattern","Adicionar Padrão"
"Pattern was successfully deleted","Padrão excluído com sucesso"
"Edit Pattern '%1'","Editar Padrão '%1'"
"Edit Pattern","Editar Padrão"
"The Pattern does not exist.","O Padrão não existe."
"Pattern was successfully saved","Padrão salvo com sucesso"
"You have written an incorrect pattern","Você inseriu um padrão incorreto"
"Unable to find Pattern to save","Não foi possível encontrar o Padrão para salvar"
"New Permission","Nova Permissão"
"Permission  Manager","Gerenciador de Permissões"
"Permission Manager","Gerenciador de Permissões"
"Add Permission","Adicionar Permissão"
"Permission was successfully deleted","Permissão excluída com sucesso"
"Edit Permission","Editar Permissão"
"Permission does not exist.","A Permissão não existe."
"Permission was successfully saved","Permissão salva com sucesso"
"Unable to find Permission to save","Não foi possível encontrar a Permissão para salvar"
"New Priority","Nova Prioridade"
"Priority  Manager","Gerenciador de Prioridades"
"Priority Manager","Gerenciador de Prioridades"
"Add Priority","Adicionar Prioridade"
"Priority was successfully deleted","Prioridade excluída com sucesso"
"Edit Priority '%1'","Editar Prioridade '%1'"
"Edit Priority","Editar Prioridade"
"The Priority does not exist.","A Prioridade não existe."
"Priority was successfully saved","Prioridade salva com sucesso"
"Unable to find Priority to save","Não foi possível encontrar a Prioridade para salvar"
"Statistics was successfully updated","Estatísticas atualizadas com sucesso"
"Helpdesk","Helpdesk"
"New Rule","Nova Regra"
"Rule  Manager","Gerenciador de Regras"
"Rule Manager","Gerenciador de Regras"
"Add Rule","Adicionar Regra"
"Rule was successfully deleted","Regra excluída com sucesso"
"Edit Rule '%1'","Editar Regra '%1'"
"Edit Rule","Editar Regra"
"The Rule does not exist.","A Regra não existe."
"Rule was successfully saved","Regra salva com sucesso"
"Unable to find Rule to save","Não foi possível encontrar a Regra para salvar"
"New Satisfaction","Nova Satisfação"
"Satisfaction  Manager","Gerenciador de Satisfação"
"Satisfaction Manager","Gerenciador de Satisfação"
"Add Satisfaction","Adicionar Satisfação"
"Satisfaction was successfully deleted","Satisfação excluída com sucesso"
"Edit Satisfaction '%1'","Editar Satisfação '%1'"
"Edit Satisfaction","Editar Satisfação"
"The Satisfaction does not exist.","A Satisfação não existe."
"Satisfaction was successfully saved","Satisfação salva com sucesso"
"Unable to find Satisfaction to save","Não foi possível encontrar a Satisfação para salvar"
"New Schedule","Nova Agenda"
"Schedule Manager","Gerenciador de Agenda"
"Add Schedule","Adicionar Agenda"
"You can not delete this schedule, because there are gateways using it.
                         Please, change gateways settings","Não é possível excluir esta agenda, pois existem gateways utilizando-a.
                         Altere as configurações dos gateways"
"Schedule was successfully deleted","Agenda excluída com sucesso"
"Edit Schedule '%1'","Editar Agenda '%1'"
"Edit Schedule","Editar Agenda"
"The Schedule does not exist.","A Agenda não existe."
"Schedules","Agendas"
"Working days/hours is a required field.","Dias/horas de trabalho é um campo obrigatório."
"Schedule was successfully saved","Agenda salva com sucesso"
"Unable to find a Schedule to save","Não foi possível encontrar a Agenda para salvar"
"Ticket was successfully moved to the Tickets folder","Ticket movido com sucesso para a pasta Tickets"
"Edit Spam '%1'","Editar Spam '%1'"
"Edit Spam","Editar Spam"
"The spam does not exist.","O spam não existe."
"Please select spam(s)","Selecione o(s) spam(s)"
"Total of %1 record(s) were successfully moved to the Tickets folder","Um total de %1 registro(s) foi movido com sucesso para a pasta Tickets"
"Total of %1 record(s) were successfully deleted","Um total de %1 registro(s) foi excluído com sucesso"
"New Status","Novo Status"
"Status  Manager","Gerenciador de Status"
"Status Manager","Gerenciador de Status"
"Add Status","Adicionar Status"
"Status was successfully deleted","Status excluído com sucesso"
"Edit Status '%1'","Editar Status '%1'"
"Edit Status","Editar Status"
"The Status does not exist.","O Status não existe."
"Status was successfully saved","Status salvo com sucesso"
"Unable to find a Status to save","Não foi possível encontrar o Status para salvar"
"New Template","Novo Template"
"Template  Manager","Gerenciador de Templates"
"Template Manager","Gerenciador de Templates"
"Add Template","Adicionar Template"
"Template was successfully deleted","Template excluído com sucesso"
"Edit Template '%1'","Editar Template '%1'"
"Edit Template","Editar Template"
"The Template does not exist.","O Template não existe."
"Template was successfully saved","Template salvo com sucesso"
"Unable to find a Template to save","Não foi possível encontrar o Template para salvar"
"New Ticket","Novo Ticket"
"Ticket Manager","Gerenciador de Tickets"
"Ticket was moved to Archive","Ticket movido para o Arquivo"
"The file does not exist or has been deleted.","O arquivo não existe ou foi excluído."
"Ticket was successfully deleted","Ticket excluído com sucesso"
"Edit Ticket","Editar Ticket"
"The ticket does not exist.","O ticket não existe."
"Total of %1 record(s) were moved to Archive.","Um total de %1 registro(s) foi movido para o Arquivo."
"Please select ticket(s)","Selecione o(s) ticket(s)"
"Total of %1 record(s) were moved to the Spam folder","Um total de %1 registro(s) foi movido para a pasta Spam"
"Total of %1 record(s) were successfully updated","Um total de %1 registro(s) foi atualizado com sucesso"
"Total of %1 record(s) Assignee was changed.","O responsável de um total de %1 registro(s) foi alterado."
"You don't have permission for this operation.","Você não tem permissão para esta operação."
"Total of %1 record(s) were moved to the Inbox folder.","Um total de %1 registro(s) foi movido para a Caixa de Entrada."
"Please select 2 or more tickets","Selecione 2 ou mais tickets"
"Total of %1 record(s) were successfully merged","Um total de %1 registro(s) foi mesclado com sucesso"
"Total of %1 record(s) were moved to the Spam folder.","Um total de %1 registro(s) foi movido para a pasta Spam."
"Ticket was moved to the Inbox","Ticket movido para a Caixa de Entrada"
"Message was successfully sent","Mensagem enviada com sucesso"
"Ticket was successfully updated","Ticket atualizado com sucesso"
"Field ""Cc"" is limited by %1 emails","O campo ""Cc"" é limitado a %1 e-mails"
"Something went wrong while saving the ticket.","Ocorreu um erro ao salvar o ticket."
"Unable to find ticket to save","Não foi possível encontrar o ticket para salvar"
"Incorrect email format.","Formato de e-mail incorreto."
"Incorrect CC format.","Formato de CC incorreto."
"Incorrect BCC format.","Formato de BCC incorreto."
"Ticket was moved to the Spam folder","Ticket movido para a pasta Spam"
"Your request was successfully submitted. You should receive a confirmation email shortly.","Sua solicitação foi enviada com sucesso. Você deve receber um e-mail de confirmação em breve."
"Unable to submit your request. Please, try again later","Não foi possível enviar sua solicitação. Tente novamente mais tarde"
"Field ""Name"" is required","O campo ""Nome"" é obrigatório"
"Field ""Comment"" is required","O campo ""Comentário"" é obrigatório"
"Something went wrong","Ocorreu um erro"
"Telephone","Telefone"
"Your inquiry was submitted and will be responded to as soon as possible. Thank you for contacting us.","Sua consulta foi enviada e será respondida o mais breve possível. Obrigado por entrar em contato conosco."
"Sorry, for technical reasons you can't submit your query from this browser. Please try using a different browser or computer.","Desculpe, por motivos técnicos você não pode enviar sua consulta a partir deste navegador. Tente usar um navegador ou computador diferente."
"Page not found.","Página não encontrada."
"Your message was successfully posted","Sua mensagem foi enviada com sucesso"
"Your ticket was successfully posted","Seu ticket foi enviado com sucesso"
"Ticket was successfully closed","Ticket fechado com sucesso"
"wrong URL","URL inválida"
"Can't upload file %1 . Max allowed upload size is %2 MB.","Não é possível enviar o arquivo %1. O tamanho máximo permitido é %2 MB."
"Allows only this file types: %1","Permite apenas estes tipos de arquivo: %1"
"%1:%2 (%3) is open.","%1:%2 (%3) está aberto."
"%1:%2 is closed.","%1:%2 está fechado."
"%1 Help Desk","%1 Help Desk"
"You have %1 unread notifications.","Você tem %1 notificações não lidas."
"Ticket ""%1"" was created.","O ticket ""%1"" foi criado."
"New message was added to the ticket ""%1""","Uma nova mensagem foi adicionada ao ticket ""%1"""
"Ticket ""%1"" was assigned to you.","O ticket ""%1"" foi atribuído a você."
"%1 is editing now","%1 está editando agora"
"%1 has opened this ticket %2","%1 abriu este ticket %2"
"%1 have opened this ticket %2","%1 abriram este ticket %2"
"please type your reply above this line","digite sua resposta acima desta linha"
"Can't fetch.
                Please, ask your hosting provider to enable the IMAP extension in PHP configuration of your server.","Não foi possível buscar.
                Solicite ao seu provedor de hospedagem que habilite a extensão IMAP na configuração do PHP do servidor."
"Yes","Sim"
"No","Não"
"Unable to define email sender","Não foi possível identificar o remetente do e-mail"
"Rule '%1'","Regra '%1'"
"Follow Up actions","Ações de Acompanhamento"
"%1: %2 => %3","%1: %2 => %3"
"%1: %2","%1: %2"
"Ticket was merged to: %1","O ticket foi mesclado em: %1"
"Ticket was merged with: %1","O ticket foi mesclado com: %1"
"Message added","Mensagem adicionada"
"Internal note added","Nota interna adicionada"
"Third party message added","Mensagem de terceiro adicionada"
"Private third party message added","Mensagem privada de terceiro adicionada"
"Folder","Pasta"
"Order","Pedido"
"User","Usuário"
"Customer","Cliente"
"Customer Email","E-mail do Cliente"
"Cc","Cc"
"Bcc","Bcc"
"-- Please Select --","-- Selecione --"
"Inbox","Caixa de Entrada"
"Spam","Spam"
"Email","E-mail"
"Backend","Backend"
"Contact Tab","Aba de Contato"
"Contact Form","Formulário de Contato"
"Customer Account","Conta do Cliente"
"Public Reply","Resposta Pública"
"Internal Note","Nota Interna"
"Message to Third Party","Mensagem para Terceiro"
"Internal Note to Third Party","Nota Interna para Terceiro"
"at %1 (%2) - %3","em %1 (%2) - %3"
"You don't have permissions to read this ticket. Please, contact your administrator.","Você não tem permissão para ler este ticket. Entre em contato com seu administrador."
"Field ""Name"" is incorrect.","O campo ""Nome"" está incorreto."
"Email field should not be empty","O campo de e-mail não pode estar vazio"
"Submitted from the page:","Enviado da página:"
"Invalid Customer Email","E-mail do Cliente inválido"
"Ticket was merged to %1","O ticket foi mesclado em %1"
"Pattern","Padrão"
"Attribute Value","Valor do Atributo"
"Default","Padrão"
"Integer","Inteiro"
"Price","Preço"
"Strip Tags","Remover Tags"
"Ticket Attributes","Atributos do Ticket"
"Wrong URL","URL inválida"
"Unknown time","Tempo desconhecido"
"ago","atrás"
"from now","a partir de agora"
"1 sec ago","1 seg atrás"
"Links:","Links:"
"Open Ticket","Ticket Aberto"
"Open Tickets","Tickets Abertos"
"! Blocked file -","! Arquivo bloqueado -"
"File System","Sistema de Arquivos"
"Database","Banco de Dados"
"IMAP","IMAP"
"OAuth2 (Gmail)","OAuth2 (Gmail)"
"Aqua","Água"
"Grey","Cinza"
"Navy","Azul-marinho"
"Silver","Prata"
"Black","Preto"
"Green","Verde"
"Olive","Oliva"
"Teal","Azul-petróleo"
"Blue","Azul"
"Lime","Verde-limão"
"Purple","Roxo"
"Fuchsia","Fúcsia"
"Maroon","Bordô"
"Red","Vermelho"
"Orange","Laranja"
"Yellow","Amarelo"
"NONE","NENHUM"
"SSL","SSL"
"Text","Texto"
"Multi-line text","Texto multilinha"
"Date","Data"
"Checkbox","Caixa de seleção"
"Drop-down list","Lista suspensa"
"In minutes...","Em minutos..."
"In hours...","Em horas..."
"In days...","Em dias..."
"In weeks...","Em semanas..."
"In months...","Em meses..."
"Custom","Personalizado"
"Move to Archive","Mover para o Arquivo"
"Move from Archive","Remover do Arquivo"
"All users","Todos os usuários"
"Left","Esquerda"
"Right","Direita"
"POP","POP"
"Great!","Ótimo!"
"OK","OK"
"Bad","Ruim"
"--Please Select--","--Selecione--"
"New ticket created","Novo ticket criado"
"New reply from customer","Nova resposta do cliente"
"New reply from staff","Nova resposta da equipe"
"New reply from third party","Nova resposta de terceiro"
"Ticket assigned to staff","Ticket atribuído à equipe"
"Ticket was changed","O ticket foi alterado"
"Ticket was converted to RMA","O ticket foi convertido em RMA"
"Check every hour","Verificar a cada hora"
"Headers","Cabeçalhos"
"Body","Corpo"
"Using Department Name (e.g. Sales)","Usar nome do departamento (ex.: Vendas)"
"Using Staff Name (e.g. John Doe)","Usar nome do atendente (ex.: João da Silva)"
"Using Custom Template","Usar template personalizado"
"Last Reply","Última Resposta"
"View link","Ver link"
"%1 attachments were deleted","%1 anexos foram excluídos"
"desktop notifications","notificações de desktop"
"%1 %2 were deleted","%1 %2 foram excluídos"
"Process is locked","O processo está bloqueado"
"Locked","Bloqueado"
"Success","Sucesso"
"Pattern is invalid","O padrão é inválido"
"""%1"" department is using as default department in next gateway(s) with id: %2.
                Please change it first.","O departamento ""%1"" está sendo usado como departamento padrão no(s) gateway(s) com id: %2.
                Altere isto primeiro."
"""%1"" department is used as the default department in the option ""Feedback Tab > Assign to Department"".
                Please change this option first.","O departamento ""%1"" está sendo usado como departamento padrão na opção ""Aba de Feedback > Atribuir ao Departamento"".
                Altere esta opção primeiro."
"Update the Ticket","Atualizar o Ticket"
"Conditions Combination","Combinação de Condições"
"Ticket Attribute","Atributo do Ticket"
"Last 7-days Clicks","Cliques dos últimos 7 dias"
"Last 7-days Orders","Pedidos dos últimos 7 dias"
"Last 7-days Revenue","Receita dos últimos 7 dias"
"Last 7-days Conversation Rate (%)","Taxa de conversão dos últimos 7 dias (%)"
"Last message body","Corpo da última mensagem"
"Priority (before change)","Prioridade (antes da alteração)"
"Status (before change)","Status (antes da alteração)"
"Department (before change)","Departamento (antes da alteração)"
"Owner (before change)","Responsável (antes da alteração)"
"Folder (before change)","Pasta (antes da alteração)"
"Last Reply By","Última resposta por"
"Last Reply Type","Tipo da última resposta"
"Hours since Created","Horas desde a criação"
"Hours since Updated","Horas desde a atualização"
"Hours since Last reply","Horas desde a última resposta"
"Ticket Source (Channel)","Origem do ticket (Canal)"
"%1 (before change)","%1 (antes da alteração)"
"Staff","Equipe"
"Third party","Terceiro"
"Closed","Fechado"
"Opened 24hr","Aberto 24h"
"Searchable attributes not defined","Atributos pesquisáveis não definidos"
"- Disable these emails -","- Desativar estes e-mails -"
"Authentication failed for the Gateway(s) ""%1""
                                <br> To hide this message, re-save the above Gateway(s) and run cron,
                                or disable the above Gateway(s) <a href=""%2"">help desk gateways</a>.","A autenticação falhou para o(s) Gateway(s) ""%1""
                                <br> Para ocultar esta mensagem, salve novamente o(s) Gateway(s) acima e execute o cron,
                                ou desative o(s) Gateway(s) acima em <a href=""%2"">gateways do help desk</a>."
"The Help Desk can't fetch new emails.
                Please, try to run bin/magento mirasvit:helpdesk:run to determine the source of this problem.","O Help Desk não consegue buscar novos e-mails.
                Tente executar bin/magento mirasvit:helpdesk:run para identificar a origem deste problema."
"Help desk can't fetch emails.","O help desk não consegue buscar e-mails."
"<br> To temporarily hide this message, disable all <a href=""%1"">help desk gateways</a>.","<br> Para ocultar temporariamente esta mensagem, desative todos os <a href=""%1"">gateways do help desk</a>."
"Help Desk can't fetch new emails.
                 Please, check that you are running cron for bin/magento mirasvit:helpdesk:run.","O Help Desk não consegue buscar novos e-mails.
                 Verifique se o cron está em execução para bin/magento mirasvit:helpdesk:run."
"Helpdesk Tickets","Tickets do Helpdesk"
"Department with id ""%1"" does not exist.","O Departamento com id ""%1"" não existe."
"Field with id ""%1"" does not exist.","O Campo com id ""%1"" não existe."
"Priority with id ""%1"" does not exist.","A Prioridade com id ""%1"" não existe."
"Satisfaction with id ""%1"" does not exist.","A Satisfação com id ""%1"" não existe."
"Cannot delete satisfaction with id %1","Não é possível excluir a satisfação com id %1"
"Status with id ""%1"" does not exist.","O Status com id ""%1"" não existe."
"Template with id ""%1"" does not exist.","O Template com id ""%1"" não existe."
"Cannot delete ticket with id %1","Não é possível excluir o ticket com id %1"
"Admin authorization is required.","É necessária autorização de administrador."
"Message body cannot be empty.","O corpo da mensagem não pode estar vazio."
"Invalid folder ""%1"". Allowed: 1 (Inbox), 2 (Archive), 3 (Spam)","Pasta inválida ""%1"". Permitido: 1 (Caixa de Entrada), 2 (Arquivo), 3 (Spam)"
"Invalid customer email format.","Formato de e-mail do cliente inválido."
"Invalid %1 email format: %2","Formato de e-mail %1 inválido: %2"
"Invalid message type ""%1"". Allowed: %2","Tipo de mensagem inválido ""%1"". Permitido: %2"
"Area: ""%1""","Área: ""%1"""
"Ticket ID: ""%1""","ID do Ticket: ""%1"""
"Customer ID: ""%1""","ID do Cliente: ""%1"""
"User ID: ""%1""","ID do Usuário: ""%1"""
"Some tickets could not be parsed. Please check logs.","Alguns tickets não puderam ser processados. Verifique os logs."
"Edit","Editar"
"All Departments","Todos os Departamentos"
"All Roles","Todas as Funções"
"Back","Voltar"
"Reset","Redefinir"
"Save and Continue Edit","Salvar e Continuar Editando"
"Debug","Depurar"
"24 hrs x 7 days","24h x 7 dias"
"Select working days/hours","Selecionar dias/horas de trabalho"
"All Tickets","Todos os Tickets"
"My Tickets","Meus Tickets"
"Satisfaction survey","Pesquisa de satisfação"
"Satisfaction rating: %1 out of 5","Avaliação de satisfação: %1 de 5"
"View message source in new window","Ver origem da mensagem em nova janela"
"show source","mostrar origem"
"to %1 (third party)","para %1 (terceiro)"
"%1 %2 (third party)","%1 %2 (terceiro)"
"%1","%1"
"Attachment image: %1","Imagem do anexo: %1"
"Document file icon","Ícone de arquivo de documento"
"Download icon","Ícone de download"
"Download","Baixar"
"Max file size: %1 Mb","Tamanho máximo do arquivo: %1 Mb"
"Close","Fechar"
"Image preview","Visualização da imagem"
"Previous image","Imagem anterior"
"Previous","Anterior"
"Next","Próximo"
"Ticket Summary","Resumo do Ticket"
"enter subject of ticket","insira o assunto do ticket"
"Ticket ID","ID do Ticket"
"Assignee","Responsável"
"Additional Info","Informações Adicionais"
"You are not allowed to add the message to the current ticket as it is locked. To add the message to the current ticket you should change its status to one of unlocked.","Você não tem permissão para adicionar mensagens ao ticket atual, pois ele está bloqueado. Para adicionar mensagens ao ticket atual, altere seu status para um status desbloqueado."
"Ticket History","Histórico do Ticket"
"Done by","Realizado por"
"Changes","Alterações"
"Ticket Grid Container","Contêiner da Grade de Tickets"
"View tickets notifications","Ver notificações de tickets"
"Navigate to all tickets page","Navegar para a página de todos os tickets"
"See All Tickets","Ver Todos os Tickets"
"Edit ticket: %1","Editar ticket: %1"
"View tickets page","Ver página de tickets"
"Open contact form","Abrir formulário de contato"
"Close contact form","Fechar formulário de contato"
"Name","Nome"
"Attach files","Anexar arquivos"
"Submit","Enviar"
"Submit Ticket","Enviar Ticket"
"What is your question?","Qual é a sua pergunta?"
"We found the following topics that might be helpful:","Encontramos os seguintes tópicos que podem ser úteis:"
"None of these are helpful - contact us","Nenhum deles é útil - entre em contato"
"We have not found any helpful topics.","Não encontramos nenhum tópico útil."
"Contact Information","Informações de Contato"
"Comment","Comentário"
"We are open 24 x 7","Estamos abertos 24x7"
"We are closed","Estamos fechados"
"Timezone: %1","Fuso horário: %1"
"Please take a second to rate my reply...","Reserve um momento para avaliar minha resposta..."
"Great","Ótimo"
"Awesome","Excelente"
"Fast, friendly, helpful, pleasant. Great job!","Rápido, amigável, prestativo, agradável. Ótimo trabalho!"
"Just Okay","Apenas razoável"
"Fine, but definitely could have been better.","Bom, mas certamente poderia ter sido melhor."
"Not good","Ruim"
"Unfortunately, I wasn't happy with it at all.","Infelizmente, não fiquei satisfeito."
"Satisfactory level of customer service in real time","Nível satisfatório de atendimento ao cliente em tempo real"
"%1% said great!","%1% disseram ótimo!"
"last updated %1","última atualização %1"
"Thank you for participating in our survey!","Obrigado por participar da nossa pesquisa!"
"If you would like to provide additional comments, please do so below:","Se desejar fornecer comentários adicionais, faça-o abaixo:"
"Message","Mensagem"
"Submit Message","Enviar Mensagem"
"Thank you for your feedback!","Obrigado pelo seu feedback!"
"If the processing doesn't start automatically in a few seconds, please click the button below","Se o processamento não iniciar automaticamente em alguns segundos, clique no botão abaixo"
"Process Rate","Processar avaliação"
"Attachments","Anexos"
"-- Select an Order --","-- Selecione um Pedido --"
"Create ticket","Criar ticket"
"Navigate to create new ticket page","Navegar para a página de criação de novo ticket"
"You don't have open tickets","Você não tem tickets abertos"
"View ticket: %1","Ver ticket: %1"
"Post a Reply","Publicar uma Resposta"
"Max file size: %1","Tamanho máximo do arquivo: %1"
"Reopen Ticket","Reabrir Ticket"
"Close Ticket","Fechar Ticket"
"History","Histórico"
"%1 (third party)","%1 (terceiro)"
"Attachment: %1","Anexo: %1"
"Download attachment: %1","Baixar anexo: %1"
"Image file icon","Ícone de arquivo de imagem"
"Go back to my tickets list","Voltar à minha lista de tickets"
"Back to My Tickets","Voltar para Meus Tickets"
"Next image","Próxima imagem"
"Rate","Avaliar"
"Ok","OK"
"To","Para"
"Customer Summary","Resumo do Cliente"
"Assigned To Customer","Atribuído ao Cliente"
"Assigned To Order","Atribuído ao Pedido"
"Customer does not have any orders.","O cliente não tem pedidos."
"RMA","RMA"
"type email or name","digite e-mail ou nome"
"Click this button to authorize access to Gmail via OAuth2","Clique neste botão para autorizar o acesso ao Gmail via OAuth2"
"Reconnect","Reconectar"
"Connect to Gmail","Conectar ao Gmail"
"Attachment","Anexo"
"type third party email here","digite aqui o e-mail do terceiro"
"Kind","Tipo"
"Info","Informação"
"You can check the status of reply to this ticket online at:","Você pode verificar o status da resposta a este ticket online em:"
"Dear %name,","Caro(a) %name,"
"Thank you for contacting us!","Obrigado por entrar em contato conosco!"
"This is an automated response confirming the receipt of your ticket. One of our agents will get back to you as soon as possible.","Esta é uma resposta automática confirmando o recebimento do seu ticket. Um de nossos agentes entrará em contato com você o mais breve possível."
"Details","Detalhes"
"Please, answer the following ticket:","Responda ao seguinte ticket:"
"Ticket ID:","ID do Ticket:"
"Name:","Nome:"
"Email address:","Endereço de e-mail:"
"Store:","Loja:"
"Department:","Departamento:"
"Staff (Owner): -- Unassigned --","Atendente (Responsável): -- Não atribuído --"
"Status:","Status:"
"Priority:","Prioridade:"
"Created:","Criado:"
"Staff (Owner):","Atendente (Responsável):"
"Updated:","Atualizado:"
"== INTERNAL NOTE ==","== NOTA INTERNA =="
"Dear <strong>%user_firstname %user_lastname</strong>, <br><br>
    %ticket_customer_name rated your help with smile","Caro(a) <strong>%user_firstname %user_lastname</strong>, <br><br>
    %ticket_customer_name avaliou sua ajuda com um sorriso"
"Customer email:","E-mail do cliente:"
"Comment:","Comentário:"
"This browser does not support desktop notification","Este navegador não suporta notificações de desktop"
"Please save the gateway first before connecting to Gmail.","Salve o gateway primeiro antes de conectar ao Gmail."
"Please enter Client ID and Client Secret before connecting.","Insira o Client ID e o Client Secret antes de conectar."
"Your message will be emailed to the customer","Sua mensagem será enviada por e-mail ao cliente"
"Your message will be emailed to your colleague. The customer will not see it.","Sua mensagem será enviada por e-mail ao seu colega. O cliente não verá esta mensagem."
"Your message will be emailed to the third party. Customer will see it in the ticket history.","Sua mensagem será enviada por e-mail ao terceiro. O cliente verá esta mensagem no histórico do ticket."
"Internal Message to Third Party","Mensagem Interna para Terceiro"
"Your message will be emailed to the third party. The customer will not see it.","Sua mensagem será enviada por e-mail ao terceiro. O cliente não verá esta mensagem."
"Session has expired. Please copy all unsaved data and reload the page.","A sessão expirou. Copie todos os dados não salvos e recarregue a página."
"Upload Too Large","Upload Muito Grande"
"Open","Aberto"
"Help Desk MX","Help Desk MX"
"General Settings","Configurações Gerais"
"Enhance the overall performance and user experience of your helpdesk by setting up core features such as how communication is managed, personalizing customer interactions, and ensuring smooth ticket management with automated tasks.","Aprimore o desempenho geral e a experiência do usuário do seu helpdesk configurando recursos essenciais, como o gerenciamento da comunicação, a personalização das interações com clientes e a gestão eficiente de tickets com tarefas automatizadas."
"Helpdesk title in the customer account","Título do Helpdesk na conta do cliente"
"Customize the title displayed for the Helpdesk section in the customer's account to create a clear and branded support experience.","Personalize o título exibido para a seção Helpdesk na conta do cliente para criar uma experiência de suporte clara e alinhada à sua marca."
"Sign staff replies","Assinar respostas da equipe"
"Adds a personal touch to customer communication, which helps personalize responses and provide clarity on who handled the support request increasing trust and transparency.","Adiciona um toque pessoal à comunicação com o cliente, ajudando a personalizar respostas e indicando quem atendeu à solicitação, aumentando a confiança e a transparência."
"Signature template","Template de assinatura"
"Send blind carbon copy (BCC) of all emails to","Enviar cópia oculta (BCC) de todos os e-mails para"
"Automatically send a BCC of all helpdesk-related emails to a specified address for monitoring or record-keeping, helping ensure nothing gets overlooked.","Envia automaticamente uma cópia oculta (BCC) de todos os e-mails relacionados ao helpdesk para um endereço especificado, para fins de monitoramento ou arquivamento, ajudando a garantir que nada passe despercebido."
"Use default Magento cron","Usar o cron padrão do Magento"
"If this option is disabled, helpdesk-related tasks will not be processed automatically. For instance, emails from the configured gateway will not be fetched. However, you can still manually trigger cron tasks to test the module's functionality.","Se esta opção estiver desativada, as tarefas relacionadas ao helpdesk não serão processadas automaticamente. Por exemplo, e-mails do gateway configurado não serão buscados. No entanto, você ainda pode acionar manualmente as tarefas do cron para testar a funcionalidade do módulo."
"Enable magento cron to ensure scheduled actions like email fetching are handled efficiently without extra configuration.","Ative o cron do Magento para garantir que ações agendadas, como a busca de e-mails, sejam tratadas com eficiência sem configuração adicional."
"Allow customer to open ticket by unique URL (without additional authentication)","Permitir que o cliente abra o ticket por URL exclusiva (sem autenticação adicional)"
"Customers will receive link in the email notification to access their support tickets via a unique URL, simplifying the process and increasing accessibility by eliminating extra login steps.","Os clientes receberão um link na notificação por e-mail para acessar seus tickets de suporte por meio de uma URL exclusiva, simplificando o processo e aumentando a acessibilidade ao eliminar etapas extras de login."
"Tickets Settings","Configurações de Tickets"
"Manage the flow and organization of support tickets efficiently by controlling the prioritization, categorization, and statuses of incoming customer requests. This section ensures that support agents can handle tickets based on urgency and track progress seamlessly.","Gerencie o fluxo e a organização dos tickets de suporte com eficiência, controlando a priorização, categorização e status das solicitações dos clientes. Esta seção garante que os agentes de suporte possam tratar os tickets com base na urgência e acompanhar o progresso de forma fluida."
"Priority for new tickets","Prioridade para novos tickets"
"Set the default priority for new tickets to help organize and prioritize customer issues based on urgency.","Defina a prioridade padrão para novos tickets para ajudar a organizar e priorizar os problemas dos clientes de acordo com a urgência."
"Status for new tickets","Status para novos tickets"
"Define the default status for new tickets to give clear visibility of ticket progress.","Defina o status padrão para novos tickets para oferecer visibilidade clara sobre o progresso do ticket."
"Move Ticket to Archive if it has one of following statuses:","Mover ticket para o Arquivo se possuir um dos seguintes status:"
"Automatically move tickets to the archive when they reach specified statuses, ensuring the system stays organized.","Move automaticamente os tickets para o arquivo quando atingirem os status especificados, mantendo o sistema organizado."
"Lock Ticket if it has one of following statuses:","Bloquear ticket se possuir um dos seguintes status:"
"When ticket is locked the customer cannot add a new message to the ticket, while admin still can send messages","Quando o ticket está bloqueado, o cliente não pode adicionar novas mensagens, enquanto o administrador ainda pode enviar mensagens"
"Control when tickets are locked based on their statuses to avoid further changes once certain progress is made.","Controle quando os tickets são bloqueados com base em seus status para evitar alterações adicionais após determinado progresso."
"Tickets autosave period, sec","Período de salvamento automático de tickets, seg"
"Set how frequently ticket drafts are autosaved, minimizing the risk of losing unsaved work. Leave empty to disable autosave.","Defina a frequência com que os rascunhos dos tickets são salvos automaticamente, reduzindo o risco de perda de trabalho não salvo. Deixe vazio para desativar o salvamento automático."
"Use WYSIWYG Editor in backend","Usar editor WYSIWYG no backend"
"Enable the use of a text editor for tickets in the backend, making it easier for staff to format replies and provide detailed, structured responses.","Ative o uso de um editor de texto para tickets no backend, facilitando para a equipe a formatação de respostas e o fornecimento de respostas detalhadas e estruturadas."
"Create Tickets from Contact Us form","Criar tickets a partir do formulário Fale Conosco"
"Automatically create helpdesk tickets from submissions via the 'Contact Us' form, turning every inquiry into a manageable support ticket.","Crie automaticamente tickets do helpdesk a partir de envios pelo formulário 'Fale Conosco', transformando cada consulta em um ticket de suporte gerenciável."
"Admin Display Options","Opções de Exibição no Admin"
"Improve the visual accessibility and ease of navigating through tickets in the admin panel. This section allows you to enable quick access to essential data, helping your support team handle tickets faster and more effectively.","Melhore a acessibilidade visual e a facilidade de navegação pelos tickets no painel administrativo. Esta seção permite ativar o acesso rápido a dados essenciais, ajudando sua equipe de suporte a tratar tickets de forma mais rápida e eficiente."
"Show Quick Data Bar in admin ticket grid","Exibir barra de dados rápidos na grade de tickets do admin"
"This feature enhances workflow visibility and helps agents stay on top of their responsibilities.","Este recurso aumenta a visibilidade do fluxo de trabalho e ajuda os agentes a manter o controle de suas responsabilidades."
"Show User Activity Data Bar in admin ticket grid","Exibir barra de atividade do usuário na grade de tickets do admin"
"Shows recent user activity related to the ticket, helping managers track staff interactions with customers more efficiently.","Mostra a atividade recente do usuário relacionada ao ticket, ajudando os gerentes a acompanhar com mais eficiência as interações da equipe com os clientes."
"Show previous/next button in backend ticket edit page","Exibir botões anterior/próximo na página de edição de ticket no backend"
"Display 'previous' and 'next' buttons on the ticket editing page in the backend to move through tickets quickly without returning to the grid.","Exibe os botões 'anterior' e 'próximo' na página de edição de ticket no backend para navegar rapidamente entre tickets sem retornar à grade."
"Attachments Settings","Configurações de Anexos"
"Customize how file attachments are managed within the helpdesk. This section helps you control the storage, format, and retention of attachments, ensuring customers and staff can exchange relevant files without compromising storage space.","Personalize como os anexos de arquivos são gerenciados no helpdesk. Esta seção ajuda a controlar o armazenamento, formato e retenção de anexos, garantindo que clientes e equipe possam trocar arquivos relevantes sem comprometer o espaço de armazenamento."
"Store attachments in","Armazenar anexos em"
"Select the storage location for ticket attachments, giving you control over file management.","Selecione o local de armazenamento dos anexos dos tickets, dando a você controle sobre o gerenciamento de arquivos."
"Auto-removing old attachments","Remoção automática de anexos antigos"
"Enable automatic removal of old attachments to free up storage space and keep the system clutter-free","Ative a remoção automática de anexos antigos para liberar espaço de armazenamento e manter o sistema organizado"
"Remove attachments older than, days","Remover anexos mais antigos que, dias"
"Specifies the number of days after which old ticket attachments will be deleted.","Especifica o número de dias após os quais anexos antigos de tickets serão excluídos."
"Only allow upload of attachments with extensions","Permitir o upload apenas de anexos com as extensões"
"Restrict attachment uploads to specific file types to avoid security risks and maintain control over the type of files uploaded. Comma separated list. e.g. jpg, jpeg, gif, png, bmp, pdf>","Restrinja os uploads de anexos a tipos específicos de arquivos para evitar riscos de segurança e manter o controle sobre o tipo de arquivos enviados. Lista separada por vírgulas, por exemplo: jpg, jpeg, gif, png, bmp, pdf>"
"Feedback Tab","Aba de Feedback"
"Boost customer engagement by offering an easy-to-use feedback system. The feedback tab allows customers to submit inquiries or tickets directly from the website, improving accessibility to your support team.","Aumente o engajamento dos clientes oferecendo um sistema de feedback fácil de usar. A aba de feedback permite que os clientes enviem consultas ou tickets diretamente do site, melhorando a acessibilidade à sua equipe de suporte."
"Enable Feedback Tab","Ativar Aba de Feedback"
"Activate the feedback tab on your website, making it easy for customers to submit support requests.","Ative a aba de feedback no seu site, facilitando o envio de solicitações de suporte pelos clientes."
"Assign to Department","Atribuir ao Departamento"
"Automatically assign feedback tab-generated tickets to a specific department, ensuring they reach the right team for quick resolution.","Atribua automaticamente os tickets gerados pela aba de feedback a um departamento específico, garantindo que cheguem à equipe correta para uma resolução rápida."
"Tab Color","Cor da Aba"
"Customize the feedback tab color to align with your brand, making it more visually appealing and noticeable.","Personalize a cor da aba de feedback para alinhá-la à sua marca, tornando-a mais atraente e visível."
"Tab Title","Título da Aba"
"Set the title for the feedback tab, giving customers a clear call to action","Defina o título da aba de feedback, oferecendo aos clientes uma chamada clara para ação"
"Tab Position","Posição da Aba"
"Choose where the feedback tab is displayed on the screen, ensuring it's easily accessible","Escolha onde a aba de feedback será exibida na tela, garantindo fácil acesso"
"Search Knowledge Base Topics first","Pesquisar primeiro os tópicos da Base de Conhecimento"
"Allow the feedback tab to suggest knowledge base topics before showing the form, helping reduce support ticket volume by guiding customers to self-help resources.","Permita que a aba de feedback sugira tópicos da base de conhecimento antes de exibir o formulário, ajudando a reduzir o volume de tickets de suporte ao orientar os clientes para recursos de autoatendimento."
"Form Fields","Campos do Formulário"
"Tailor the feedback submission forms to collect the right information from customers. This section lets you customize form fields and improve the accuracy of the information gathered from customers, enhancing the quality of support requests.","Adapte os formulários de envio de feedback para coletar as informações corretas dos clientes. Esta seção permite personalizar os campos do formulário e aumentar a precisão das informações coletadas, melhorando a qualidade das solicitações de suporte."
"Form Title","Título do Formulário"
"Set a title for the feedback form to provide context and guide customers on what to expect.","Defina um título para o formulário de feedback para fornecer contexto e orientar os clientes sobre o que esperar."
"Subject Title","Título do Assunto"
"Label the subject field to ensure customers provide a brief overview of their issue.","Identifique o campo de assunto para garantir que os clientes forneçam uma breve descrição do seu problema."
"Subject Placeholder","Placeholder do Assunto"
"Placeholder text displayed inside the subject input field that provides guidance on what kind of information the customer should enter.","Texto de placeholder exibido dentro do campo de assunto que orienta o cliente sobre que tipo de informação inserir."
"Description Title","Título da Descrição"
"Label the description field to prompt customers to provide more details about their inquiry.","Identifique o campo de descrição para incentivar os clientes a fornecer mais detalhes sobre sua consulta."
"Description Placeholder","Placeholder da Descrição"
"Add helpful placeholder text to guide customers in providing relevant information.","Adicione um texto de placeholder útil para orientar os clientes a fornecer informações relevantes."
"Allow customer to attach files","Permitir que o cliente anexe arquivos"
"Enables the option for customers to upload files (e.g., screenshots or documents) with their feedback or support request providing additional context or supporting materials for their issue.","Permite que os clientes façam upload de arquivos (ex.: capturas de tela ou documentos) junto com seu feedback ou solicitação de suporte, fornecendo contexto adicional ou materiais de apoio ao problema."
"Allow customers to select Priority","Permitir que os clientes selecionem a Prioridade"
"Gives customers the ability to set the priority of their feedback or ticket that can help the support team to prioritize urgent requests over less critical ones.","Dá aos clientes a possibilidade de definir a prioridade do seu feedback ou ticket, ajudando a equipe de suporte a priorizar solicitações urgentes em relação a outras menos críticas."
"Allow customer to select Department","Permitir que o cliente selecione o Departamento"
"Allows customers to choose the department their request should be sent to. This ensures that inquiries are routed to the correct team for faster handling.","Permite que os clientes escolham o departamento ao qual a solicitação deve ser enviada. Isso garante que as consultas sejam direcionadas à equipe correta para um atendimento mais rápido."
"Improve customer experience by integrating helpdesk functionality into the customer’s account. This section helps you enable features like tracking ticket status, prioritizing requests, and allowing file attachments, making the support process more user-friendly.","Melhore a experiência do cliente integrando a funcionalidade do helpdesk à conta do cliente. Esta seção ajuda a ativar recursos como acompanhamento do status do ticket, priorização de solicitações e permissão de anexos, tornando o processo de suporte mais intuitivo."
"Show the Help Desk section in the Customer Account","Exibir a seção Help Desk na Conta do Cliente"
"Display a Help Desk section in the customer’s account, making it easy for customers to submit and track their support tickets directly from their account dashboard.","Exibe uma seção Help Desk na conta do cliente, facilitando o envio e o acompanhamento de tickets de suporte diretamente do painel da conta."
"Show Help Desk link in customer menu","Exibir link do Help Desk no menu do cliente"
"Add a Help Desk link in the customer's dropdown menu for quick access to the support page, ensuring customers can easily find the help they need.","Adicione um link do Help Desk no menu suspenso do cliente para acesso rápido à página de suporte, garantindo que o cliente encontre facilmente a ajuda de que precisa."
"Let customers the ability to set the priority of the ticket that can help the support team to prioritize urgent requests over less critical ones.","Permite que os clientes definam a prioridade do ticket, ajudando a equipe de suporte a priorizar solicitações urgentes em relação a outras menos críticas."
"Allow customer to select Order","Permitir que o cliente selecione o Pedido"
"Allows customers to link their support tickets to particular orders they have placed, helping support staff to address issues more efficiently.","Permite que os clientes vinculem seus tickets de suporte a pedidos específicos que realizaram, ajudando a equipe de suporte a tratar dos problemas de forma mais eficiente."
"When enabled, customers can upload files with their ticket submissions, providing additional context or supporting materials for their issue.","Quando ativado, os clientes podem enviar arquivos junto com os tickets, fornecendo contexto adicional ou materiais de apoio ao problema."
"Customer Satisfaction Survey","Pesquisa de Satisfação do Cliente"
"Gain valuable insights into customer satisfaction with your support. This section allows you to include surveys in your communications and view the results, helping you continually improve your service based on real feedback.","Obtenha informações valiosas sobre a satisfação dos clientes com o seu suporte. Esta seção permite incluir pesquisas em suas comunicações e visualizar os resultados, ajudando você a melhorar continuamente o serviço com base em feedback real."
"Include a satisfaction survey in the reply email from staff members","Incluir uma pesquisa de satisfação no e-mail de resposta da equipe"
"Automatically include a satisfaction survey in staff reply emails to encourage feedback and measure customer satisfaction with the support they received.","Inclua automaticamente uma pesquisa de satisfação nos e-mails de resposta da equipe para incentivar feedback e medir a satisfação dos clientes com o suporte recebido."
"Show survey results in the frontend ticket history","Exibir resultados da pesquisa no histórico de tickets do frontend"
"Allow customers to view their survey ratings in the ticket history within their account, giving them transparency on how they rated their interaction with support.","Permite que os clientes visualizem suas avaliações de pesquisa no histórico de tickets em suas contas, oferecendo transparência sobre como avaliaram sua interação com o suporte."
"Show survey results in the backend ticket history","Exibir resultados da pesquisa no histórico de tickets do backend"
"Provide support staff access to customer satisfaction ratings in the backend, allowing them to review and address feedback for service improvement.","Forneça à equipe de suporte acesso às avaliações de satisfação dos clientes no backend, permitindo que revisem e ajam sobre o feedback para melhorar o atendimento."
"Send survey results to the ticket owner","Enviar resultados da pesquisa ao responsável do ticket"
"Notify the assigned staff member when a customer submits a satisfaction survey, giving them the opportunity to review their performance.","Notifica o atendente designado quando o cliente envia uma pesquisa de satisfação, dando-lhe a oportunidade de avaliar seu desempenho."
"Send survey results to emails","Enviar resultados da pesquisa para e-mails"
"Automatically send customer satisfaction survey results to designated email addresses (e.g., managers) for analysis and performance tracking. You can enter multiple emails separated by a comma.","Envia automaticamente os resultados da pesquisa de satisfação para endereços de e-mail designados (ex.: gerentes) para análise e acompanhamento de desempenho. Você pode informar vários e-mails separados por vírgula."
"Email Notification Settings","Configurações de Notificação por E-mail"
"Ensure efficient communication between your support team and customers by configuring how and when email notifications are sent. This section helps automate key touchpoints, keeping all parties informed about ticket statuses.","Garanta uma comunicação eficiente entre sua equipe de suporte e os clientes configurando como e quando as notificações por e-mail são enviadas. Esta seção ajuda a automatizar pontos-chave de contato, mantendo todas as partes informadas sobre os status dos tickets."
"Show Ticket ID in the email title","Exibir ID do ticket no assunto do e-mail"
"Include the ticket ID in the subject line of helpdesk-related emails, making it easy for both customers and staff to reference specific tickets in ongoing conversations.","Inclua o ID do ticket no assunto dos e-mails relacionados ao helpdesk, facilitando para clientes e equipe a referência a tickets específicos em conversas em andamento."
"Add customers Cc emails to the ticket","Adicionar e-mails Cc dos clientes ao ticket"
"When enabled will automatically add additional email recipients (Cc) to the ticket from the fetched email. If option is enabled spam Cc email are possible.","Quando ativado, adiciona automaticamente destinatários adicionais (Cc) ao ticket a partir do e-mail buscado. Se ativado, e-mails Cc de spam são possíveis."
"Number of last replies to be shown in the ticket history","Número de últimas respostas a serem exibidas no histórico do ticket"
"Control how many recent replies are displayed in the ticket history within email notifications, providing context without overwhelming the recipient with too much information.","Controle quantas respostas recentes são exibidas no histórico do ticket nas notificações por e-mail, fornecendo contexto sem sobrecarregar o destinatário com informações em excesso."
"Email Notification Templates","Templates de Notificação por E-mail"
"Streamline your email communication with customers and staff by setting notification templates. This section ensures that each email interaction is consistent and professional, keeping everyone aligned with support activities.","Otimize a comunicação por e-mail com clientes e equipe definindo templates de notificação. Esta seção garante que cada interação por e-mail seja consistente e profissional, mantendo todos alinhados às atividades de suporte."
"Template of New Ticket Email for Customer","Template do e-mail de novo ticket para o cliente"
"Set the email template that notifies customers when a new ticket is created, ensuring consistent branding and communication.","Defina o template de e-mail que notifica os clientes quando um novo ticket é criado, garantindo branding e comunicação consistentes."
"Template of New Ticket Email for Staff","Template do e-mail de novo ticket para a equipe"
"Set the template for the email notifying staff about new tickets, ensuring timely alerts and a professional look.","Defina o template do e-mail que notifica a equipe sobre novos tickets, garantindo alertas pontuais e uma aparência profissional."
"Template of Ticket Email Assigned to Staff","Template do e-mail de ticket atribuído à equipe"
"Set the email template used when a ticket is assigned to a staff member, ensuring they are informed of their new task promptly.","Defina o template de e-mail utilizado quando um ticket é atribuído a um membro da equipe, garantindo que ele seja informado prontamente sobre sua nova tarefa."
"Template of New Message Email for Customer","Template do e-mail de nova mensagem para o cliente"
"Set the template for emails that update customers when a new message is posted to their ticket, ensuring they stay informed about progress.","Defina o template dos e-mails que informam os clientes quando uma nova mensagem é publicada no ticket, garantindo que se mantenham informados sobre o progresso."
"Template of New Message Email for Staff","Template do e-mail de nova mensagem para a equipe"
"Set the template to alert staff when a customer responds, ensuring timely follow-ups.","Defina o template para alertar a equipe quando o cliente responder, garantindo retornos pontuais."
"Template of New Message Email for Third Party","Template do e-mail de nova mensagem para terceiro"
"Set the template for notifying third-party collaborators, ensuring external stakeholders stay updated on the ticket progress.","Defina o template para notificar colaboradores externos, garantindo que stakeholders externos sejam mantidos atualizados sobre o progresso do ticket."
"Template of Ticket Reminder","Template de lembrete de ticket"
"Set the template for reminder emails, prompting customers to follow up on unresolved tickets.","Defina o template dos e-mails de lembrete, incentivando os clientes a dar continuidade a tickets não resolvidos."
"Template of Rule Notification","Template de notificação de regra"
"Set a rule-specific template for automated emails sent via helpdesk workflow rules, ensuring consistency in communications.","Defina um template específico para regras nos e-mails automáticos enviados pelas regras de fluxo de trabalho do helpdesk, garantindo consistência nas comunicações."
"Template of Survey Satisfaction Result","Template do resultado da pesquisa de satisfação"
"Set the template used to send staff survey feedback results, providing insights into customer satisfaction.","Defina o template usado para enviar à equipe os resultados das pesquisas de feedback, fornecendo insights sobre a satisfação dos clientes."
"Desktop Notification Settings","Configurações de Notificação de Desktop"
"Keep your staff informed in real time with desktop notifications about new tickets and updates. This section enables instant awareness of new tasks, helping the support team act quickly and stay organized.","Mantenha sua equipe informada em tempo real com notificações de desktop sobre novos tickets e atualizações. Esta seção permite consciência imediata de novas tarefas, ajudando a equipe de suporte a agir rapidamente e manter a organização."
"Notifications check period, sec","Período de verificação de notificações, seg"
"On heavy-loaded systems, this can cause production loss - so in this case, you need to disable this feature, or increase the check period to 500-600 secs. Setting to 0 will disable them.","Em sistemas com alta carga, isso pode causar perda de produção; nesse caso, é necessário desativar este recurso ou aumentar o período de verificação para 500-600 segundos. Definir como 0 desativará as notificações."
"Adjusting the frequency helps staff stay updated in real-time, ensuring timely follow-ups.","Ajustar a frequência ajuda a equipe a se manter atualizada em tempo real, garantindo retornos pontuais."
"Show notification about arrival of new tickets for","Exibir notificação sobre a chegada de novos tickets para"
"Allows you to specify which users should receive notifications about the arrival of new tickets, ensuring the right team members are alerted promptly.","Permite especificar quais usuários devem receber notificações sobre a chegada de novos tickets, garantindo que os membros corretos da equipe sejam alertados prontamente."
"Enable notification about arrival of new messages in tickets assigned for user","Ativar notificação sobre a chegada de novas mensagens em tickets atribuídos ao usuário"
"Notifies users about a new message is added to any ticket that they are assigned to, helping them stay informed on ticket updates.","Notifica os usuários quando uma nova mensagem é adicionada a qualquer ticket ao qual estão atribuídos, ajudando-os a se manter informados sobre as atualizações."
"Enable notification about assigning a ticket to the user","Ativar notificação sobre a atribuição de ticket ao usuário"
"Sends a notification to users when a ticket is assigned to them, ensuring they are aware of their new responsibilities.","Envia uma notificação aos usuários quando um ticket lhes é atribuído, garantindo que estejam cientes de suas novas responsabilidades."
"Set clear expectations for customers by displaying your business hours. This section helps customers know when they can expect support availability, enhancing the overall customer experience and ensuring timely responses.","Estabeleça expectativas claras para os clientes exibindo seus horários de funcionamento. Esta seção ajuda os clientes a saber quando podem esperar disponibilidade de suporte, aprimorando a experiência geral do cliente e garantindo respostas pontuais."
"Working schedule title","Título do horário de funcionamento"
"Customize the title for the working hours section on the 'Contact Us' page, ensuring customers know when your team is available.","Personalize o título da seção de horário de funcionamento na página 'Fale Conosco', garantindo que os clientes saibam quando sua equipe está disponível."
"Upcoming working schedule title","Título do próximo horário de funcionamento"
"Add a title for upcoming business hours, providing customers with clear information on future availability.","Adicione um título para os próximos horários de funcionamento, fornecendo aos clientes informações claras sobre a disponibilidade futura."
"Default message when we are open","Mensagem padrão quando estamos abertos"
"Can be overwritten for each schedule in Customers > Help Desk MX > Working Hours.  This allows you to provide customized messages for different time periods or scenarios, depending on the specific schedule of your support team.","Pode ser sobrescrito para cada agenda em Clientes > Help Desk MX > Horário de Funcionamento. Isso permite fornecer mensagens personalizadas para diferentes períodos ou cenários, conforme a agenda específica da equipe de suporte."
"Set a default message to display when the helpdesk is open, encouraging customers to reach out during business hours.","Defina uma mensagem padrão a ser exibida quando o helpdesk estiver aberto, incentivando os clientes a entrar em contato durante o horário comercial."
"Default message when we are closed","Mensagem padrão quando estamos fechados"
"Define the message displayed when the helpdesk is closed managing customer expectations during off-hours.","Defina a mensagem exibida quando o helpdesk estiver fechado, gerenciando as expectativas dos clientes fora do horário."
"Show online/offline status on the Contact Us page","Exibir status online/offline na página Fale Conosco"
"Display the status on the Contact Us page that can help manage customer expectations about when support is available.","Exibir o status na página Fale Conosco pode ajudar a gerenciar as expectativas dos clientes sobre a disponibilidade do suporte."
"Show online/offline status in the Feedback popup","Exibir status online/offline no popup de Feedback"
"Display the status in the Feedback popup that can be useful for informing customers about availability before submitting a request or feedback.","Exibir o status no popup de Feedback pode ser útil para informar os clientes sobre a disponibilidade antes de enviar uma solicitação ou feedback."
"Show online/offline status in the Customer Account > My Tickets","Exibir status online/offline em Conta do Cliente > Meus Tickets"
"Display the status in the My Tickets section of the customer's account. This help customers know whether they can expect a prompt response to their support ticket.","Exibe o status na seção Meus Tickets da conta do cliente. Isso ajuda os clientes a saber se podem esperar uma resposta rápida ao seu ticket de suporte."
"Show working hours on the Contact Us page","Exibir horário de funcionamento na página Fale Conosco"
"Display the status on the Contact Us page to give customers a clear idea of when you are available for support","Exibe o status na página Fale Conosco para que os clientes tenham uma ideia clara de quando você está disponível para suporte"
"Show holiday schedule in X days before activation","Exibir agenda de feriados X dias antes da ativação"
"Specifies how many days in advance your holiday schedule will be displayed to customers to ensure that customers are informed about upcoming holiday hours before they take effect","Especifica com quantos dias de antecedência sua agenda de feriados será exibida aos clientes para garantir que sejam informados sobre os próximos horários de feriado antes que entrem em vigor"
"Track the performance of your helpdesk with reporting on solved tickets. This section allows you to define which ticket statuses are considered solved, helping you monitor team efficiency and customer service success.","Acompanhe o desempenho do seu helpdesk com relatórios sobre tickets resolvidos. Esta seção permite definir quais status de tickets são considerados resolvidos, ajudando a monitorar a eficiência da equipe e o sucesso do atendimento ao cliente."
"Solved Statuses","Status Resolvidos"
"Developer Settings","Configurações para Desenvolvedores"
"Optimize the technical aspects of the helpdesk system with developer-specific options. This section helps in testing, debugging, and customizing the module to suit your website's infrastructure without disrupting live operations.","Otimize os aspectos técnicos do sistema de helpdesk com opções específicas para desenvolvedores. Esta seção auxilia no teste, depuração e personalização do módulo conforme a infraestrutura do seu site, sem interromper as operações em produção."
"Activate Sandbox","Ativar Sandbox"
"Enable sandbox mode to test the helpdesk system without affecting live data. All emails will be redirected to the sandbox email, preventing disruptions to real customer interactions.","Ative o modo sandbox para testar o sistema de helpdesk sem afetar os dados em produção. Todos os e-mails serão redirecionados para o e-mail do sandbox, evitando interferências em interações reais com clientes."
"Send All Outgoing emails to Email","Enviar todos os e-mails de saída para o E-mail"
"Set an email address to receive all outgoing emails in sandbox mode, ensuring a controlled environment for testing email templates and notifications.","Defina um endereço de e-mail para receber todos os e-mails de saída no modo sandbox, garantindo um ambiente controlado para testar templates de e-mail e notificações."
"Force store's theme to apply styles","Forçar o tema da loja a aplicar estilos"
"If theme overrides Magento way of including style this option will add Help Desk styles to page","Se o tema sobrescrever a forma do Magento de incluir estilos, esta opção adicionará os estilos do Help Desk à página"
"Log ticket deletion","Registrar exclusão de tickets"
"Keep a log of deleted tickets to track deletions and maintain a record for audit or recovery purposes, stored in the /var/log/mirasvit/helpdesk.log file.","Mantém um registro dos tickets excluídos para rastrear exclusões e manter um histórico para fins de auditoria ou recuperação, armazenado no arquivo /var/log/mirasvit/helpdesk.log."
"Help Text","Texto de ajuda"
"Add customizable help text that appears under the title on the 'Contact Us' page and Feedback tab, providing customers with clear guidance on how to submit a support request.","Adicione um texto de ajuda personalizável que aparece sob o título na página 'Fale Conosco' e na aba de Feedback, fornecendo aos clientes orientações claras sobre como enviar uma solicitação de suporte."
"Show customer the local time in backend","Exibir o horário local do cliente no backend"
"Display the customer’s local time in the backend to help support staff understand when the customer submitted the ticket, providing context for time-sensitive issues.","Exibe o horário local do cliente no backend para ajudar a equipe de suporte a entender quando o cliente enviou o ticket, fornecendo contexto para questões sensíveis ao tempo."
"Enable Google reCaptcha","Ativar Google reCaptcha"
"Activate Google reCaptcha on Helpdesk pages to prevent spam and bots from submitting fraudulent tickets. Configuration for reCaptcha settings is available in Configuration > Security > Google reCaptcha.","Ative o Google reCaptcha nas páginas do Helpdesk para impedir que spam e bots enviem tickets fraudulentos. As configurações do reCaptcha estão disponíveis em Configuração > Segurança > Google reCaptcha."
"Helpdesk Contact Form","Formulário de Contato do Helpdesk"
"Helpdesk Satisfaction Block","Bloco de Satisfação do Helpdesk"
"Satisfaction List Url","URL da Lista de Satisfação"
"Helpdesk Satisfaction List","Lista de Satisfação do Helpdesk"
"All Store Views","Todas as Visões de Loja"
"Purchased From","Comprado em"
"Replies #","Respostas #"
"Created","Criado"
"Modified","Modificado"
"Title","Título"
"Active","Ativo"
"Is Shown on Frontend","É exibido no frontend"
"Sort Order","Ordem de classificação"
"Sender Email","E-mail do remetente"
"Members of Department","Membros do Departamento"
"Notification","Notificação"
"If ticket is unassigned, send notifications to all department members","Se o ticket não estiver atribuído, enviar notificações a todos os membros do departamento"
"If ticket is unassigned, send notifications to email","Se o ticket não estiver atribuído, enviar notificações para o e-mail"
"Code","Código"
"Internal field. Can contain only letters, digits and underscore.","Campo interno. Pode conter apenas letras, dígitos e sublinhado."
"Type","Tipo"
"Description","Descrição"
"Options list","Lista de opções"
"Only for drop-down list. Enter each value from the new line using format:<br>value1 | label1<br>value2 | label2","Apenas para lista suspensa. Insira cada valor em uma nova linha no formato:<br>valor1 | rótulo1<br>valor2 | rótulo2"
"Show value in customer account","Exibir valor na conta do cliente"
"Show in create ticket form","Exibir no formulário de criação de ticket"
"Show in contact us form","Exibir no formulário de contato"
"Required for customers","Obrigatório para clientes"
"Required for staff","Obrigatório para a equipe"
"Authorization Type","Tipo de Autorização"
"OAuth2 Client ID","OAuth2 Client ID"
"OAuth2 Client Secret","OAuth2 Client Secret"
"OAuth2 Redirect URI","OAuth2 Redirect URI"
"Use this URL when configuring OAuth2 credentials in Google Cloud Console","Use esta URL ao configurar as credenciais OAuth2 no Google Cloud Console"
"Gmail Connection","Conexão Gmail"
"Connection Status","Status da Conexão"
"Login","Login"
"Password","Senha"
"Host","Host"
"Protocol","Protocolo"
"Encryption","Criptografia"
"Port","Porta"
"Fetch Frequency (minutes)","Frequência de busca (minutos)"
"Fetch Max","Buscar no máximo"
"Fetch Only X Last Emails","Buscar apenas os X últimos e-mails"
"Can be useful for some mailboxes. Leave empty to disable this feature.","Pode ser útil para algumas caixas de correio. Deixe vazio para desativar este recurso."
"Remove emails after fetching","Remover e-mails após a busca"
"Auto-assign tickets to Store View","Atribuir tickets automaticamente à Visão da Loja"
"Auto-assign tickets to department","Atribuir tickets automaticamente ao departamento"
"Notes","Notas"
"Create New Department","Criar Novo Departamento"
"Change status","Alterar status"
"Inactive","Inativo"
"Delete items","Excluir itens"
"Are you sure you want to delete selected items?","Tem certeza de que deseja excluir os itens selecionados?"
"Is Active","Está ativo"
"Create New Field","Criar Novo Campo"
"Create New Gateway","Criar Novo Gateway"
"Last Fetched At","Última busca em"
"Last Fetch Result","Resultado da última busca"
"Create New Pattern","Criar Novo Padrão"
"Create New Permission","Criar Nova Permissão"
"Role","Função"
"Has Access to Tickets of Departments","Tem acesso aos tickets dos departamentos"
"Can Remove Tickets","Pode remover tickets"
"Create New Priority","Criar Nova Prioridade"
"Color","Cor"
"Create New Rule","Criar Nova Regra"
"Stop Processing","Parar processamento"
"Remote Ip","IP remoto"
"View Ticket","Visualizar Ticket"
"Create New Schedule","Criar Nova Agenda"
"Holiday","Feriado"
"Active From","Ativo a partir de"
"Active To","Ativo até"
"Create New Status","Criar Novo Status"
"Create New Template","Criar Novo Template"
"Select...","Selecione..."
"Mark as Spam","Marcar como Spam"
"Mark as Archive","Marcar como Arquivo"
"Merge tickets","Mesclar tickets"
"Mark as Inbox","Marcar como Caixa de Entrada"
"Change Assignee","Alterar Responsável"
"Requester","Solicitante"
"Requester Email","E-mail do solicitante"
"Scope","Escopo"
"If one of these characters uses as part of the string it should be escaped with \(backslash ): . \ + * ? [ ^ ] $ ( ) { } = ! < > | : - #. The pattern should be enclosed by delimiters.","Se um desses caracteres for usado como parte da string, deve ser escapado com \(barra invertida): . \ + * ? [ ^ ] $ ( ) { } = ! < > | : - #. O padrão deve estar entre delimitadores."
"Allows access to tickets of departments","Permite acesso aos tickets dos departamentos"
"Can Delete Tickets","Pode excluir tickets"
"Rule Name","Nome da regra"
"Arranged in the ascending order. 0 is the highest.","Ordenado em ordem crescente. 0 é o mais alto."
"Stop Further Rules Processing","Parar processamento de outras regras"
"Conditions","Condições"
"Event","Evento"
"Actions","Ações"
"Set Status","Definir Status"
"Set Priority","Definir Prioridade"
"Set Department","Definir Departamento"
"Set Owner","Definir Responsável"
"Add Tags","Adicionar Tags"
"Remove Tags","Remover Tags"
"Notifications","Notificações"
"Send email to ticket owner","Enviar e-mail ao responsável do ticket"
"Send email to all department users","Enviar e-mail a todos os usuários do departamento"
"Send email to customer","Enviar e-mail ao cliente"
"Send email to other email addresses","Enviar e-mail para outros endereços de e-mail"
"Email subject","Assunto do e-mail"
"Email Body","Corpo do e-mail"
"Attach files previously attached to the last message","Anexar arquivos anexados anteriormente à última mensagem"
"Stores","Lojas"
"Is Holiday","É feriado"
"Timezone","Fuso horário"
"Open message","Mensagem quando aberto"
"Closed message","Mensagem quando fechado"
"Internal Title","Título interno"
"Template","Template"
"Request ID","ID da solicitação"
"Admin or integration authorization is required.","É necessária autorização de administrador ou de integração."
"Internal notes require an admin identity and cannot be added with an integration token.","As notas internas exigem uma identidade de administrador e não podem ser adicionadas com um token de integração."
"Customer email:","E-mail do cliente:"
"Comment:","Comentário:"
"This browser does not support desktop notification","Este navegador não suporta notificações de desktop"
"Please save the gateway first before connecting to Gmail.","Salve o gateway primeiro antes de conectar ao Gmail."
"Please enter Client ID and Client Secret before connecting.","Insira o Client ID e o Client Secret antes de conectar."
"Your message will be emailed to the customer","Sua mensagem será enviada por e-mail ao cliente"
"Your message will be emailed to your colleague. The customer will not see it.","Sua mensagem será enviada por e-mail ao seu colega. O cliente não verá esta mensagem."
"Your message will be emailed to the third party. Customer will see it in the ticket history.","Sua mensagem será enviada por e-mail ao terceiro. O cliente verá esta mensagem no histórico do ticket."
"Internal Message to Third Party","Mensagem Interna para Terceiro"
"Your message will be emailed to the third party. The customer will not see it.","Sua mensagem será enviada por e-mail ao terceiro. O cliente não verá esta mensagem."
"Session has expired. Please copy all unsaved data and reload the page.","A sessão expirou. Copie todos os dados não salvos e recarregue a página."
"Upload Too Large","Upload Muito Grande"
"Open","Aberto"
"Help Desk MX","Help Desk MX"
"General Settings","Configurações Gerais"
"Enhance the overall performance and user experience of your helpdesk by setting up core features such as how communication is managed, personalizing customer interactions, and ensuring smooth ticket management with automated tasks.","Aprimore o desempenho geral e a experiência do usuário do seu helpdesk configurando recursos essenciais, como o gerenciamento da comunicação, a personalização das interações com clientes e a gestão eficiente de tickets com tarefas automatizadas."
"Helpdesk title in the customer account","Título do Helpdesk na conta do cliente"
"Customize the title displayed for the Helpdesk section in the customer's account to create a clear and branded support experience.","Personalize o título exibido para a seção Helpdesk na conta do cliente para criar uma experiência de suporte clara e alinhada à sua marca."
"Sign staff replies","Assinar respostas da equipe"
"Adds a personal touch to customer communication, which helps personalize responses and provide clarity on who handled the support request increasing trust and transparency.","Adiciona um toque pessoal à comunicação com o cliente, ajudando a personalizar respostas e indicando quem atendeu à solicitação, aumentando a confiança e a transparência."
"Signature template","Template de assinatura"
"Send blind carbon copy (BCC) of all emails to","Enviar cópia oculta (BCC) de todos os e-mails para"
"Automatically send a BCC of all helpdesk-related emails to a specified address for monitoring or record-keeping, helping ensure nothing gets overlooked.","Envia automaticamente uma cópia oculta (BCC) de todos os e-mails relacionados ao helpdesk para um endereço especificado, para fins de monitoramento ou arquivamento, ajudando a garantir que nada passe despercebido."
"Use default Magento cron","Usar o cron padrão do Magento"
"If this option is disabled, helpdesk-related tasks will not be processed automatically. For instance, emails from the configured gateway will not be fetched. However, you can still manually trigger cron tasks to test the module's functionality.","Se esta opção estiver desativada, as tarefas relacionadas ao helpdesk não serão processadas automaticamente. Por exemplo, e-mails do gateway configurado não serão buscados. No entanto, você ainda pode acionar manualmente as tarefas do cron para testar a funcionalidade do módulo."
"Enable magento cron to ensure scheduled actions like email fetching are handled efficiently without extra configuration.","Ative o cron do Magento para garantir que ações agendadas, como a busca de e-mails, sejam tratadas com eficiência sem configuração adicional."
"Allow customer to open ticket by unique URL (without additional authentication)","Permitir que o cliente abra o ticket por URL exclusiva (sem autenticação adicional)"
"Customers will receive link in the email notification to access their support tickets via a unique URL, simplifying the process and increasing accessibility by eliminating extra login steps.","Os clientes receberão um link na notificação por e-mail para acessar seus tickets de suporte por meio de uma URL exclusiva, simplificando o processo e aumentando a acessibilidade ao eliminar etapas extras de login."
"Tickets Settings","Configurações de Tickets"
"Manage the flow and organization of support tickets efficiently by controlling the prioritization, categorization, and statuses of incoming customer requests. This section ensures that support agents can handle tickets based on urgency and track progress seamlessly.","Gerencie o fluxo e a organização dos tickets de suporte com eficiência, controlando a priorização, categorização e status das solicitações dos clientes. Esta seção garante que os agentes de suporte possam tratar os tickets com base na urgência e acompanhar o progresso de forma fluida."
"Priority for new tickets","Prioridade para novos tickets"
"Set the default priority for new tickets to help organize and prioritize customer issues based on urgency.","Defina a prioridade padrão para novos tickets para ajudar a organizar e priorizar os problemas dos clientes de acordo com a urgência."
"Status for new tickets","Status para novos tickets"
"Define the default status for new tickets to give clear visibility of ticket progress.","Defina o status padrão para novos tickets para oferecer visibilidade clara sobre o progresso do ticket."
"Move Ticket to Archive if it has one of following statuses:","Mover ticket para o Arquivo se possuir um dos seguintes status:"
"Automatically move tickets to the archive when they reach specified statuses, ensuring the system stays organized.","Move automaticamente os tickets para o arquivo quando atingirem os status especificados, mantendo o sistema organizado."
"Lock Ticket if it has one of following statuses:","Bloquear ticket se possuir um dos seguintes status:"
"When ticket is locked the customer cannot add a new message to the ticket, while admin still can send messages","Quando o ticket está bloqueado, o cliente não pode adicionar novas mensagens, enquanto o administrador ainda pode enviar mensagens"
"Control when tickets are locked based on their statuses to avoid further changes once certain progress is made.","Controle quando os tickets são bloqueados com base em seus status para evitar alterações adicionais após determinado progresso."
"Tickets autosave period, sec","Período de salvamento automático de tickets, seg"
"Set how frequently ticket drafts are autosaved, minimizing the risk of losing unsaved work. Leave empty to disable autosave.","Defina a frequência com que os rascunhos dos tickets são salvos automaticamente, reduzindo o risco de perda de trabalho não salvo. Deixe vazio para desativar o salvamento automático."
"Use WYSIWYG Editor in backend","Usar editor WYSIWYG no backend"
"Enable the use of a text editor for tickets in the backend, making it easier for staff to format replies and provide detailed, structured responses.","Ative o uso de um editor de texto para tickets no backend, facilitando para a equipe a formatação de respostas e o fornecimento de respostas detalhadas e estruturadas."
"Create Tickets from Contact Us form","Criar tickets a partir do formulário Fale Conosco"
"Automatically create helpdesk tickets from submissions via the 'Contact Us' form, turning every inquiry into a manageable support ticket.","Crie automaticamente tickets do helpdesk a partir de envios pelo formulário 'Fale Conosco', transformando cada consulta em um ticket de suporte gerenciável."
"Admin Display Options","Opções de Exibição no Admin"
"Improve the visual accessibility and ease of navigating through tickets in the admin panel. This section allows you to enable quick access to essential data, helping your support team handle tickets faster and more effectively.","Melhore a acessibilidade visual e a facilidade de navegação pelos tickets no painel administrativo. Esta seção permite ativar o acesso rápido a dados essenciais, ajudando sua equipe de suporte a tratar tickets de forma mais rápida e eficiente."
"Show Quick Data Bar in admin ticket grid","Exibir barra de dados rápidos na grade de tickets do admin"
"This feature enhances workflow visibility and helps agents stay on top of their responsibilities.","Este recurso aumenta a visibilidade do fluxo de trabalho e ajuda os agentes a manter o controle de suas responsabilidades."
"Show User Activity Data Bar in admin ticket grid","Exibir barra de atividade do usuário na grade de tickets do admin"
"Shows recent user activity related to the ticket, helping managers track staff interactions with customers more efficiently.","Mostra a atividade recente do usuário relacionada ao ticket, ajudando os gerentes a acompanhar com mais eficiência as interações da equipe com os clientes."
"Show previous/next button in backend ticket edit page","Exibir botões anterior/próximo na página de edição de ticket no backend"
"Display 'previous' and 'next' buttons on the ticket editing page in the backend to move through tickets quickly without returning to the grid.","Exibe os botões 'anterior' e 'próximo' na página de edição de ticket no backend para navegar rapidamente entre tickets sem retornar à grade."
"Attachments Settings","Configurações de Anexos"
"Customize how file attachments are managed within the helpdesk. This section helps you control the storage, format, and retention of attachments, ensuring customers and staff can exchange relevant files without compromising storage space.","Personalize como os anexos de arquivos são gerenciados no helpdesk. Esta seção ajuda a controlar o armazenamento, formato e retenção de anexos, garantindo que clientes e equipe possam trocar arquivos relevantes sem comprometer o espaço de armazenamento."
"Store attachments in","Armazenar anexos em"
"Select the storage location for ticket attachments, giving you control over file management.","Selecione o local de armazenamento dos anexos dos tickets, dando a você controle sobre o gerenciamento de arquivos."
"Auto-removing old attachments","Remoção automática de anexos antigos"
"Enable automatic removal of old attachments to free up storage space and keep the system clutter-free","Ative a remoção automática de anexos antigos para liberar espaço de armazenamento e manter o sistema organizado"
"Remove attachments older than, days","Remover anexos mais antigos que, dias"
"Specifies the number of days after which old ticket attachments will be deleted.","Especifica o número de dias após os quais anexos antigos de tickets serão excluídos."
"Only allow upload of attachments with extensions","Permitir o upload apenas de anexos com as extensões"
"Restrict attachment uploads to specific file types to avoid security risks and maintain control over the type of files uploaded. Comma separated list. e.g. jpg, jpeg, gif, png, bmp, pdf>","Restrinja os uploads de anexos a tipos específicos de arquivos para evitar riscos de segurança e manter o controle sobre o tipo de arquivos enviados. Lista separada por vírgulas, por exemplo: jpg, jpeg, gif, png, bmp, pdf>"
"Feedback Tab","Aba de Feedback"
"Boost customer engagement by offering an easy-to-use feedback system. The feedback tab allows customers to submit inquiries or tickets directly from the website, improving accessibility to your support team.","Aumente o engajamento dos clientes oferecendo um sistema de feedback fácil de usar. A aba de feedback permite que os clientes enviem consultas ou tickets diretamente do site, melhorando a acessibilidade à sua equipe de suporte."
"Enable Feedback Tab","Ativar Aba de Feedback"
"Activate the feedback tab on your website, making it easy for customers to submit support requests.","Ative a aba de feedback no seu site, facilitando o envio de solicitações de suporte pelos clientes."
"Assign to Department","Atribuir ao Departamento"
"Automatically assign feedback tab-generated tickets to a specific department, ensuring they reach the right team for quick resolution.","Atribua automaticamente os tickets gerados pela aba de feedback a um departamento específico, garantindo que cheguem à equipe correta para uma resolução rápida."
"Tab Color","Cor da Aba"
"Customize the feedback tab color to align with your brand, making it more visually appealing and noticeable.","Personalize a cor da aba de feedback para alinhá-la à sua marca, tornando-a mais atraente e visível."
"Tab Title","Título da Aba"
"Set the title for the feedback tab, giving customers a clear call to action","Defina o título da aba de feedback, oferecendo aos clientes uma chamada clara para ação"
"Tab Position","Posição da Aba"
"Choose where the feedback tab is displayed on the screen, ensuring it's easily accessible","Escolha onde a aba de feedback será exibida na tela, garantindo fácil acesso"
"Search Knowledge Base Topics first","Pesquisar primeiro os tópicos da Base de Conhecimento"
"Allow the feedback tab to suggest knowledge base topics before showing the form, helping reduce support ticket volume by guiding customers to self-help resources.","Permita que a aba de feedback sugira tópicos da base de conhecimento antes de exibir o formulário, ajudando a reduzir o volume de tickets de suporte ao orientar os clientes para recursos de autoatendimento."
"Form Fields","Campos do Formulário"
"Tailor the feedback submission forms to collect the right information from customers. This section lets you customize form fields and improve the accuracy of the information gathered from customers, enhancing the quality of support requests.","Adapte os formulários de envio de feedback para coletar as informações corretas dos clientes. Esta seção permite personalizar os campos do formulário e aumentar a precisão das informações coletadas, melhorando a qualidade das solicitações de suporte."
"Form Title","Título do Formulário"
"Set a title for the feedback form to provide context and guide customers on what to expect.","Defina um título para o formulário de feedback para fornecer contexto e orientar os clientes sobre o que esperar."
"Subject Title","Título do Assunto"
"Label the subject field to ensure customers provide a brief overview of their issue.","Identifique o campo de assunto para garantir que os clientes forneçam uma breve descrição do seu problema."
"Subject Placeholder","Placeholder do Assunto"
"Placeholder text displayed inside the subject input field that provides guidance on what kind of information the customer should enter.","Texto de placeholder exibido dentro do campo de assunto que orienta o cliente sobre que tipo de informação inserir."
"Description Title","Título da Descrição"
"Label the description field to prompt customers to provide more details about their inquiry.","Identifique o campo de descrição para incentivar os clientes a fornecer mais detalhes sobre sua consulta."
"Description Placeholder","Placeholder da Descrição"
"Add helpful placeholder text to guide customers in providing relevant information.","Adicione um texto de placeholder útil para orientar os clientes a fornecer informações relevantes."
"Allow customer to attach files","Permitir que o cliente anexe arquivos"
"Enables the option for customers to upload files (e.g., screenshots or documents) with their feedback or support request providing additional context or supporting materials for their issue.","Permite que os clientes façam upload de arquivos (ex.: capturas de tela ou documentos) junto com seu feedback ou solicitação de suporte, fornecendo contexto adicional ou materiais de apoio ao problema."
"Allow customers to select Priority","Permitir que os clientes selecionem a Prioridade"
"Gives customers the ability to set the priority of their feedback or ticket that can help the support team to prioritize urgent requests over less critical ones.","Dá aos clientes a possibilidade de definir a prioridade do seu feedback ou ticket, ajudando a equipe de suporte a priorizar solicitações urgentes em relação a outras menos críticas."
"Allow customer to select Department","Permitir que o cliente selecione o Departamento"
"Allows customers to choose the department their request should be sent to. This ensures that inquiries are routed to the correct team for faster handling.","Permite que os clientes escolham o departamento ao qual a solicitação deve ser enviada. Isso garante que as consultas sejam direcionadas à equipe correta para um atendimento mais rápido."
"Improve customer experience by integrating helpdesk functionality into the customer’s account. This section helps you enable features like tracking ticket status, prioritizing requests, and allowing file attachments, making the support process more user-friendly.","Melhore a experiência do cliente integrando a funcionalidade do helpdesk à conta do cliente. Esta seção ajuda a ativar recursos como acompanhamento do status do ticket, priorização de solicitações e permissão de anexos, tornando o processo de suporte mais intuitivo."
"Show the Help Desk section in the Customer Account","Exibir a seção Help Desk na Conta do Cliente"
"Display a Help Desk section in the customer’s account, making it easy for customers to submit and track their support tickets directly from their account dashboard.","Exibe uma seção Help Desk na conta do cliente, facilitando o envio e o acompanhamento de tickets de suporte diretamente do painel da conta."
"Show Help Desk link in customer menu","Exibir link do Help Desk no menu do cliente"
"Add a Help Desk link in the customer's dropdown menu for quick access to the support page, ensuring customers can easily find the help they need.","Adicione um link do Help Desk no menu suspenso do cliente para acesso rápido à página de suporte, garantindo que o cliente encontre facilmente a ajuda de que precisa."
"Let customers the ability to set the priority of the ticket that can help the support team to prioritize urgent requests over less critical ones.","Permite que os clientes definam a prioridade do ticket, ajudando a equipe de suporte a priorizar solicitações urgentes em relação a outras menos críticas."
"Allow customer to select Order","Permitir que o cliente selecione o Pedido"
"Allows customers to link their support tickets to particular orders they have placed, helping support staff to address issues more efficiently.","Permite que os clientes vinculem seus tickets de suporte a pedidos específicos que realizaram, ajudando a equipe de suporte a tratar dos problemas de forma mais eficiente."
"When enabled, customers can upload files with their ticket submissions, providing additional context or supporting materials for their issue.","Quando ativado, os clientes podem enviar arquivos junto com os tickets, fornecendo contexto adicional ou materiais de apoio ao problema."
"Customer Satisfaction Survey","Pesquisa de Satisfação do Cliente"
"Gain valuable insights into customer satisfaction with your support. This section allows you to include surveys in your communications and view the results, helping you continually improve your service based on real feedback.","Obtenha informações valiosas sobre a satisfação dos clientes com o seu suporte. Esta seção permite incluir pesquisas em suas comunicações e visualizar os resultados, ajudando você a melhorar continuamente o serviço com base em feedback real."
"Include a satisfaction survey in the reply email from staff members","Incluir uma pesquisa de satisfação no e-mail de resposta da equipe"
"Automatically include a satisfaction survey in staff reply emails to encourage feedback and measure customer satisfaction with the support they received.","Inclua automaticamente uma pesquisa de satisfação nos e-mails de resposta da equipe para incentivar feedback e medir a satisfação dos clientes com o suporte recebido."
"Show survey results in the frontend ticket history","Exibir resultados da pesquisa no histórico de tickets do frontend"
"Allow customers to view their survey ratings in the ticket history within their account, giving them transparency on how they rated their interaction with support.","Permite que os clientes visualizem suas avaliações de pesquisa no histórico de tickets em suas contas, oferecendo transparência sobre como avaliaram sua interação com o suporte."
"Show survey results in the backend ticket history","Exibir resultados da pesquisa no histórico de tickets do backend"
"Provide support staff access to customer satisfaction ratings in the backend, allowing them to review and address feedback for service improvement.","Forneça à equipe de suporte acesso às avaliações de satisfação dos clientes no backend, permitindo que revisem e ajam sobre o feedback para melhorar o atendimento."
"Send survey results to the ticket owner","Enviar resultados da pesquisa ao responsável do ticket"
"Notify the assigned staff member when a customer submits a satisfaction survey, giving them the opportunity to review their performance.","Notifica o atendente designado quando o cliente envia uma pesquisa de satisfação, dando-lhe a oportunidade de avaliar seu desempenho."
"Send survey results to emails","Enviar resultados da pesquisa para e-mails"
"Automatically send customer satisfaction survey results to designated email addresses (e.g., managers) for analysis and performance tracking. You can enter multiple emails separated by a comma.","Envia automaticamente os resultados da pesquisa de satisfação para endereços de e-mail designados (ex.: gerentes) para análise e acompanhamento de desempenho. Você pode informar vários e-mails separados por vírgula."
"Email Notification Settings","Configurações de Notificação por E-mail"
"Ensure efficient communication between your support team and customers by configuring how and when email notifications are sent. This section helps automate key touchpoints, keeping all parties informed about ticket statuses.","Garanta uma comunicação eficiente entre sua equipe de suporte e os clientes configurando como e quando as notificações por e-mail são enviadas. Esta seção ajuda a automatizar pontos-chave de contato, mantendo todas as partes informadas sobre os status dos tickets."
"Show Ticket ID in the email title","Exibir ID do ticket no assunto do e-mail"
"Include the ticket ID in the subject line of helpdesk-related emails, making it easy for both customers and staff to reference specific tickets in ongoing conversations.","Inclua o ID do ticket no assunto dos e-mails relacionados ao helpdesk, facilitando para clientes e equipe a referência a tickets específicos em conversas em andamento."
"Add customers Cc emails to the ticket","Adicionar e-mails Cc dos clientes ao ticket"
"When enabled will automatically add additional email recipients (Cc) to the ticket from the fetched email. If option is enabled spam Cc email are possible.","Quando ativado, adiciona automaticamente destinatários adicionais (Cc) ao ticket a partir do e-mail buscado. Se ativado, e-mails Cc de spam são possíveis."
"Number of last replies to be shown in the ticket history","Número de últimas respostas a serem exibidas no histórico do ticket"
"Control how many recent replies are displayed in the ticket history within email notifications, providing context without overwhelming the recipient with too much information.","Controle quantas respostas recentes são exibidas no histórico do ticket nas notificações por e-mail, fornecendo contexto sem sobrecarregar o destinatário com informações em excesso."
"Email Notification Templates","Templates de Notificação por E-mail"
"Streamline your email communication with customers and staff by setting notification templates. This section ensures that each email interaction is consistent and professional, keeping everyone aligned with support activities.","Otimize a comunicação por e-mail com clientes e equipe definindo templates de notificação. Esta seção garante que cada interação por e-mail seja consistente e profissional, mantendo todos alinhados às atividades de suporte."
"Template of New Ticket Email for Customer","Template do e-mail de novo ticket para o cliente"
"Set the email template that notifies customers when a new ticket is created, ensuring consistent branding and communication.","Defina o template de e-mail que notifica os clientes quando um novo ticket é criado, garantindo branding e comunicação consistentes."
"Template of New Ticket Email for Staff","Template do e-mail de novo ticket para a equipe"
"Set the template for the email notifying staff about new tickets, ensuring timely alerts and a professional look.","Defina o template do e-mail que notifica a equipe sobre novos tickets, garantindo alertas pontuais e uma aparência profissional."
"Template of Ticket Email Assigned to Staff","Template do e-mail de ticket atribuído à equipe"
"Set the email template used when a ticket is assigned to a staff member, ensuring they are informed of their new task promptly.","Defina o template de e-mail utilizado quando um ticket é atribuído a um membro da equipe, garantindo que ele seja informado prontamente sobre sua nova tarefa."
"Template of New Message Email for Customer","Template do e-mail de nova mensagem para o cliente"
"Set the template for emails that update customers when a new message is posted to their ticket, ensuring they stay informed about progress.","Defina o template dos e-mails que informam os clientes quando uma nova mensagem é publicada no ticket, garantindo que se mantenham informados sobre o progresso."
"Template of New Message Email for Staff","Template do e-mail de nova mensagem para a equipe"
"Set the template to alert staff when a customer responds, ensuring timely follow-ups.","Defina o template para alertar a equipe quando o cliente responder, garantindo retornos pontuais."
"Template of New Message Email for Third Party","Template do e-mail de nova mensagem para terceiro"
"Set the template for notifying third-party collaborators, ensuring external stakeholders stay updated on the ticket progress.","Defina o template para notificar colaboradores externos, garantindo que stakeholders externos sejam mantidos atualizados sobre o progresso do ticket."
"Template of Ticket Reminder","Template de lembrete de ticket"
"Set the template for reminder emails, prompting customers to follow up on unresolved tickets.","Defina o template dos e-mails de lembrete, incentivando os clientes a dar continuidade a tickets não resolvidos."
"Template of Rule Notification","Template de notificação de regra"
"Set a rule-specific template for automated emails sent via helpdesk workflow rules, ensuring consistency in communications.","Defina um template específico para regras nos e-mails automáticos enviados pelas regras de fluxo de trabalho do helpdesk, garantindo consistência nas comunicações."
"Template of Survey Satisfaction Result","Template do resultado da pesquisa de satisfação"
"Set the template used to send staff survey feedback results, providing insights into customer satisfaction.","Defina o template usado para enviar à equipe os resultados das pesquisas de feedback, fornecendo insights sobre a satisfação dos clientes."
"Desktop Notification Settings","Configurações de Notificação de Desktop"
"Keep your staff informed in real time with desktop notifications about new tickets and updates. This section enables instant awareness of new tasks, helping the support team act quickly and stay organized.","Mantenha sua equipe informada em tempo real com notificações de desktop sobre novos tickets e atualizações. Esta seção permite consciência imediata de novas tarefas, ajudando a equipe de suporte a agir rapidamente e manter a organização."
"Notifications check period, sec","Período de verificação de notificações, seg"
"On heavy-loaded systems, this can cause production loss - so in this case, you need to disable this feature, or increase the check period to 500-600 secs. Setting to 0 will disable them.","Em sistemas com alta carga, isso pode causar perda de produção; nesse caso, é necessário desativar este recurso ou aumentar o período de verificação para 500-600 segundos. Definir como 0 desativará as notificações."
"Adjusting the frequency helps staff stay updated in real-time, ensuring timely follow-ups.","Ajustar a frequência ajuda a equipe a se manter atualizada em tempo real, garantindo retornos pontuais."
"Show notification about arrival of new tickets for","Exibir notificação sobre a chegada de novos tickets para"
"Allows you to specify which users should receive notifications about the arrival of new tickets, ensuring the right team members are alerted promptly.","Permite especificar quais usuários devem receber notificações sobre a chegada de novos tickets, garantindo que os membros corretos da equipe sejam alertados prontamente."
"Enable notification about arrival of new messages in tickets assigned for user","Ativar notificação sobre a chegada de novas mensagens em tickets atribuídos ao usuário"
"Notifies users about a new message is added to any ticket that they are assigned to, helping them stay informed on ticket updates.","Notifica os usuários quando uma nova mensagem é adicionada a qualquer ticket ao qual estão atribuídos, ajudando-os a se manter informados sobre as atualizações."
"Enable notification about assigning a ticket to the user","Ativar notificação sobre a atribuição de ticket ao usuário"
"Sends a notification to users when a ticket is assigned to them, ensuring they are aware of their new responsibilities.","Envia uma notificação aos usuários quando um ticket lhes é atribuído, garantindo que estejam cientes de suas novas responsabilidades."
"Set clear expectations for customers by displaying your business hours. This section helps customers know when they can expect support availability, enhancing the overall customer experience and ensuring timely responses.","Estabeleça expectativas claras para os clientes exibindo seus horários de funcionamento. Esta seção ajuda os clientes a saber quando podem esperar disponibilidade de suporte, aprimorando a experiência geral do cliente e garantindo respostas pontuais."
"Working schedule title","Título do horário de funcionamento"
"Customize the title for the working hours section on the 'Contact Us' page, ensuring customers know when your team is available.","Personalize o título da seção de horário de funcionamento na página 'Fale Conosco', garantindo que os clientes saibam quando sua equipe está disponível."
"Upcoming working schedule title","Título do próximo horário de funcionamento"
"Add a title for upcoming business hours, providing customers with clear information on future availability.","Adicione um título para os próximos horários de funcionamento, fornecendo aos clientes informações claras sobre a disponibilidade futura."
"Default message when we are open","Mensagem padrão quando estamos abertos"
"Can be overwritten for each schedule in Customers > Help Desk MX > Working Hours.  This allows you to provide customized messages for different time periods or scenarios, depending on the specific schedule of your support team.","Pode ser sobrescrito para cada agenda em Clientes > Help Desk MX > Horário de Funcionamento. Isso permite fornecer mensagens personalizadas para diferentes períodos ou cenários, conforme a agenda específica da equipe de suporte."
"Set a default message to display when the helpdesk is open, encouraging customers to reach out during business hours.","Defina uma mensagem padrão a ser exibida quando o helpdesk estiver aberto, incentivando os clientes a entrar em contato durante o horário comercial."
"Default message when we are closed","Mensagem padrão quando estamos fechados"
"Define the message displayed when the helpdesk is closed managing customer expectations during off-hours.","Defina a mensagem exibida quando o helpdesk estiver fechado, gerenciando as expectativas dos clientes fora do horário."
"Show online/offline status on the Contact Us page","Exibir status online/offline na página Fale Conosco"
"Display the status on the Contact Us page that can help manage customer expectations about when support is available.","Exibir o status na página Fale Conosco pode ajudar a gerenciar as expectativas dos clientes sobre a disponibilidade do suporte."
"Show online/offline status in the Feedback popup","Exibir status online/offline no popup de Feedback"
"Display the status in the Feedback popup that can be useful for informing customers about availability before submitting a request or feedback.","Exibir o status no popup de Feedback pode ser útil para informar os clientes sobre a disponibilidade antes de enviar uma solicitação ou feedback."
"Show online/offline status in the Customer Account > My Tickets","Exibir status online/offline em Conta do Cliente > Meus Tickets"
"Display the status in the My Tickets section of the customer's account. This help customers know whether they can expect a prompt response to their support ticket.","Exibe o status na seção Meus Tickets da conta do cliente. Isso ajuda os clientes a saber se podem esperar uma resposta rápida ao seu ticket de suporte."
"Show working hours on the Contact Us page","Exibir horário de funcionamento na página Fale Conosco"
"Display the status on the Contact Us page to give customers a clear idea of when you are available for support","Exibe o status na página Fale Conosco para que os clientes tenham uma ideia clara de quando você está disponível para suporte"
"Show holiday schedule in X days before activation","Exibir agenda de feriados X dias antes da ativação"
"Specifies how many days in advance your holiday schedule will be displayed to customers to ensure that customers are informed about upcoming holiday hours before they take effect","Especifica com quantos dias de antecedência sua agenda de feriados será exibida aos clientes para garantir que sejam informados sobre os próximos horários de feriado antes que entrem em vigor"
"Track the performance of your helpdesk with reporting on solved tickets. This section allows you to define which ticket statuses are considered solved, helping you monitor team efficiency and customer service success.","Acompanhe o desempenho do seu helpdesk com relatórios sobre tickets resolvidos. Esta seção permite definir quais status de tickets são considerados resolvidos, ajudando a monitorar a eficiência da equipe e o sucesso do atendimento ao cliente."
"Solved Statuses","Status Resolvidos"
"Developer Settings","Configurações para Desenvolvedores"
"Optimize the technical aspects of the helpdesk system with developer-specific options. This section helps in testing, debugging, and customizing the module to suit your website's infrastructure without disrupting live operations.","Otimize os aspectos técnicos do sistema de helpdesk com opções específicas para desenvolvedores. Esta seção auxilia no teste, depuração e personalização do módulo conforme a infraestrutura do seu site, sem interromper as operações em produção."
"Activate Sandbox","Ativar Sandbox"
"Enable sandbox mode to test the helpdesk system without affecting live data. All emails will be redirected to the sandbox email, preventing disruptions to real customer interactions.","Ative o modo sandbox para testar o sistema de helpdesk sem afetar os dados em produção. Todos os e-mails serão redirecionados para o e-mail do sandbox, evitando interferências em interações reais com clientes."
"Send All Outgoing emails to Email","Enviar todos os e-mails de saída para o E-mail"
"Set an email address to receive all outgoing emails in sandbox mode, ensuring a controlled environment for testing email templates and notifications.","Defina um endereço de e-mail para receber todos os e-mails de saída no modo sandbox, garantindo um ambiente controlado para testar templates de e-mail e notificações."
"Force store's theme to apply styles","Forçar o tema da loja a aplicar estilos"
"If theme overrides Magento way of including style this option will add Help Desk styles to page","Se o tema sobrescrever a forma do Magento de incluir estilos, esta opção adicionará os estilos do Help Desk à página"
"Log ticket deletion","Registrar exclusão de tickets"
"Keep a log of deleted tickets to track deletions and maintain a record for audit or recovery purposes, stored in the /var/log/mirasvit/helpdesk.log file.","Mantém um registro dos tickets excluídos para rastrear exclusões e manter um histórico para fins de auditoria ou recuperação, armazenado no arquivo /var/log/mirasvit/helpdesk.log."
"Help Text","Texto de ajuda"
"Add customizable help text that appears under the title on the 'Contact Us' page and Feedback tab, providing customers with clear guidance on how to submit a support request.","Adicione um texto de ajuda personalizável que aparece sob o título na página 'Fale Conosco' e na aba de Feedback, fornecendo aos clientes orientações claras sobre como enviar uma solicitação de suporte."
"Show customer the local time in backend","Exibir o horário local do cliente no backend"
"Display the customer’s local time in the backend to help support staff understand when the customer submitted the ticket, providing context for time-sensitive issues.","Exibe o horário local do cliente no backend para ajudar a equipe de suporte a entender quando o cliente enviou o ticket, fornecendo contexto para questões sensíveis ao tempo."
"Enable Google reCaptcha","Ativar Google reCaptcha"
"Activate Google reCaptcha on Helpdesk pages to prevent spam and bots from submitting fraudulent tickets. Configuration for reCaptcha settings is available in Configuration > Security > Google reCaptcha.","Ative o Google reCaptcha nas páginas do Helpdesk para impedir que spam e bots enviem tickets fraudulentos. As configurações do reCaptcha estão disponíveis em Configuração > Segurança > Google reCaptcha."
"Helpdesk Contact Form","Formulário de Contato do Helpdesk"
"Helpdesk Satisfaction Block","Bloco de Satisfação do Helpdesk"
"Satisfaction List Url","URL da Lista de Satisfação"
"Helpdesk Satisfaction List","Lista de Satisfação do Helpdesk"
"All Store Views","Todas as Visões de Loja"
"Purchased From","Comprado em"
"Replies #","Respostas #"
"Created","Criado"
"Modified","Modificado"
"Title","Título"
"Active","Ativo"
"Is Shown on Frontend","É exibido no frontend"
"Sort Order","Ordem de classificação"
"Sender Email","E-mail do remetente"
"Members of Department","Membros do Departamento"
"Notification","Notificação"
"If ticket is unassigned, send notifications to all department members","Se o ticket não estiver atribuído, enviar notificações a todos os membros do departamento"
"If ticket is unassigned, send notifications to email","Se o ticket não estiver atribuído, enviar notificações para o e-mail"
"Code","Código"
"Internal field. Can contain only letters, digits and underscore.","Campo interno. Pode conter apenas letras, dígitos e sublinhado."
"Type","Tipo"
"Description","Descrição"
"Options list","Lista de opções"
"Only for drop-down list. Enter each value from the new line using format:<br>value1 | label1<br>value2 | label2","Apenas para lista suspensa. Insira cada valor em uma nova linha no formato:<br>valor1 | rótulo1<br>valor2 | rótulo2"
"Show value in customer account","Exibir valor na conta do cliente"
"Show in create ticket form","Exibir no formulário de criação de ticket"
"Show in contact us form","Exibir no formulário de contato"
"Required for customers","Obrigatório para clientes"
"Required for staff","Obrigatório para a equipe"
"Authorization Type","Tipo de Autorização"
"OAuth2 Client ID","OAuth2 Client ID"
"OAuth2 Client Secret","OAuth2 Client Secret"
"OAuth2 Redirect URI","OAuth2 Redirect URI"
"Use this URL when configuring OAuth2 credentials in Google Cloud Console","Use esta URL ao configurar as credenciais OAuth2 no Google Cloud Console"
"Gmail Connection","Conexão Gmail"
"Connection Status","Status da Conexão"
"Login","Login"
"Password","Senha"
"Host","Host"
"Protocol","Protocolo"
"Encryption","Criptografia"
"Port","Porta"
"Fetch Frequency (minutes)","Frequência de busca (minutos)"
"Fetch Max","Buscar no máximo"
"Fetch Only X Last Emails","Buscar apenas os X últimos e-mails"
"Can be useful for some mailboxes. Leave empty to disable this feature.","Pode ser útil para algumas caixas de correio. Deixe vazio para desativar este recurso."
"Remove emails after fetching","Remover e-mails após a busca"
"Auto-assign tickets to Store View","Atribuir tickets automaticamente à Visão da Loja"
"Auto-assign tickets to department","Atribuir tickets automaticamente ao departamento"
"Notes","Notas"
"Create New Department","Criar Novo Departamento"
"Change status","Alterar status"
"Inactive","Inativo"
"Delete items","Excluir itens"
"Are you sure you want to delete selected items?","Tem certeza de que deseja excluir os itens selecionados?"
"Is Active","Está ativo"
"Create New Field","Criar Novo Campo"
"Create New Gateway","Criar Novo Gateway"
"Last Fetched At","Última busca em"
"Last Fetch Result","Resultado da última busca"
"Create New Pattern","Criar Novo Padrão"
"Create New Permission","Criar Nova Permissão"
"Role","Função"
"Has Access to Tickets of Departments","Tem acesso aos tickets dos departamentos"
"Can Remove Tickets","Pode remover tickets"
"Create New Priority","Criar Nova Prioridade"
"Color","Cor"
"Create New Rule","Criar Nova Regra"
"Stop Processing","Parar processamento"
"Remote Ip","IP remoto"
"View Ticket","Visualizar Ticket"
"Create New Schedule","Criar Nova Agenda"
"Holiday","Feriado"
"Active From","Ativo a partir de"
"Active To","Ativo até"
"Create New Status","Criar Novo Status"
"Create New Template","Criar Novo Template"
"Select...","Selecione..."
"Mark as Spam","Marcar como Spam"
"Mark as Archive","Marcar como Arquivo"
"Merge tickets","Mesclar tickets"
"Mark as Inbox","Marcar como Caixa de Entrada"
"Change Assignee","Alterar Responsável"
"Requester","Solicitante"
"Requester Email","E-mail do solicitante"
"Scope","Escopo"
"If one of these characters uses as part of the string it should be escaped with \(backslash ): . \ + * ? [ ^ ] $ ( ) { } = ! < > | : - #. The pattern should be enclosed by delimiters.","Se um desses caracteres for usado como parte da string, deve ser escapado com \(barra invertida): . \ + * ? [ ^ ] $ ( ) { } = ! < > | : - #. O padrão deve estar entre delimitadores."
"Allows access to tickets of departments","Permite acesso aos tickets dos departamentos"
"Can Delete Tickets","Pode excluir tickets"
"Rule Name","Nome da regra"
"Arranged in the ascending order. 0 is the highest.","Ordenado em ordem crescente. 0 é o mais alto."
"Stop Further Rules Processing","Parar processamento de outras regras"
"Conditions","Condições"
"Event","Evento"
"Actions","Ações"
"Set Status","Definir Status"
"Set Priority","Definir Prioridade"
"Set Department","Definir Departamento"
"Set Owner","Definir Responsável"
"Add Tags","Adicionar Tags"
"Remove Tags","Remover Tags"
"Notifications","Notificações"
"Send email to ticket owner","Enviar e-mail ao responsável do ticket"
"Send email to all department users","Enviar e-mail a todos os usuários do departamento"
"Send email to customer","Enviar e-mail ao cliente"
"Send email to other email addresses","Enviar e-mail para outros endereços de e-mail"
"Email subject","Assunto do e-mail"
"Email Body","Corpo do e-mail"
"Attach files previously attached to the last message","Anexar arquivos anexados anteriormente à última mensagem"
"Stores","Lojas"
"Is Holiday","É feriado"
"Timezone","Fuso horário"
"Open message","Mensagem quando aberto"
"Closed message","Mensagem quando fechado"
"Internal Title","Título interno"
"Template","Template"
"Request ID","ID da solicitação"
"OAuth2 (Microsoft 365 / Exchange Online)","OAuth2 (Microsoft 365 / Exchange Online)"
"Microsoft Directory (tenant) ID","ID do diretório Microsoft (tenant)"
"Azure AD Directory (tenant) ID, from the Azure App registration Overview page. Leave empty to use ""common"".","ID do diretório Azure AD (tenant), na página Overview do registro do aplicativo do Azure. Deixe em branco para usar ""common""."
"Register this URL as the redirect URI in your OAuth2 app (Google Cloud Console for Gmail, or the Azure App Registration for Microsoft 365 / Exchange Online).","Registre esta URL como redirect URI no seu aplicativo OAuth2 (Google Cloud Console para Gmail ou o Azure App Registration para Microsoft 365 / Exchange Online)."
"Mailbox Connection","Conexão da caixa de correio"
"Connect Mailbox","Conectar caixa de correio"
"Click this button to authorize mailbox access via OAuth2","Clique neste botão para autorizar o acesso à caixa de correio via OAuth2"
"Successfully connected the mailbox!","Caixa de correio conectada com sucesso!"
"Gateway was successfully saved. Please click ""Connect"" to authorize the mailbox.","O gateway foi salvo com sucesso. Clique em ""Connect"" para autorizar a caixa de correio."
"Please save the gateway first before connecting the mailbox.","Salve o gateway primeiro antes de conectar a caixa de correio."
"How to obtain Gmail OAuth2 credentials","Como obter as credenciais OAuth2 do Gmail"
"Open the Google Cloud Console and create (or pick) a project.","Abra o Google Cloud Console e crie (ou selecione) um projeto."
"Go to APIs & Services then Credentials, click Create Credentials and choose OAuth client ID (application type: Web application).","Acesse APIs & Services e depois Credentials, clique em Create Credentials e escolha OAuth client ID (tipo de aplicativo: Web application)."
"Open Google Cloud Console Credentials","Abrir Google Cloud Console Credentials"
"Add the OAuth2 Redirect URI shown below to the Authorized redirect URIs list.","Adicione o OAuth2 Redirect URI mostrado abaixo à lista de Authorized redirect URIs."
"On the OAuth consent screen add the gmail.modify and userinfo.email scopes, then copy the generated Client ID and Client Secret into the fields below.","Na OAuth consent screen adicione os escopos gmail.modify e userinfo.email e copie o Client ID e o Client Secret gerados para os campos abaixo."
"Open OAuth consent screen","Abrir OAuth consent screen"
"How to obtain Microsoft 365 / Exchange Online OAuth2 credentials","Como obter as credenciais OAuth2 do Microsoft 365 / Exchange Online"
"Open the Azure portal and go to App registrations, then register a new application (supported account types as your tenant requires).","Abra o portal do Azure e acesse App registrations, depois registre um novo aplicativo (tipos de conta compatíveis conforme exigido pelo seu tenant)."
"Open Azure App registrations","Abrir Azure App registrations"
"Copy the Application (client) ID and the Directory (tenant) ID from the app Overview page into the fields below (leave tenant empty to use common).","Copie o Application (client) ID e o Directory (tenant) ID da página Overview do aplicativo para os campos abaixo (deixe tenant em branco para usar common)."
"Under Certificates & secrets create a new client secret and copy its Value into the OAuth2 Client Secret field below.","Em Certificates & secrets crie um novo client secret e copie o seu Value para o campo OAuth2 Client Secret abaixo."
"Under Authentication add a Web platform and register the OAuth2 Redirect URI shown below exactly as displayed.","Em Authentication adicione uma plataforma Web e registre o OAuth2 Redirect URI mostrado abaixo exatamente como exibido."
"Under API permissions add the delegated Office 365 Exchange Online IMAP.AccessAsUser.All and offline_access permissions, then grant admin consent.","Em API permissions adicione as permissões delegadas Office 365 Exchange Online IMAP.AccessAsUser.All e offline_access, depois conceda o consentimento do administrador."
"For Gmail: the OAuth client ID from Google Cloud Console (APIs & Services then Credentials). For Microsoft 365: the Application (client) ID from the Azure App registration Overview page. See the steps above.","Para Gmail: o OAuth client ID do Google Cloud Console (APIs & Services e depois Credentials). Para Microsoft 365: o Application (client) ID da página Overview do registro do aplicativo do Azure. Consulte as etapas acima."
"For Gmail: the client secret created alongside the OAuth client ID in Google Cloud Console. For Microsoft 365: the client secret Value from Certificates & secrets in the Azure App registration. See the steps above.","Para Gmail: o client secret criado junto com o OAuth client ID no Google Cloud Console. Para Microsoft 365: o Value do client secret em Certificates & secrets no registro do aplicativo do Azure. Consulte as etapas acima."
